order_date,total_sales,total_profit,avg_discount,num_orders,unique_products
2012-01-01,1052.8400000000001,-454.71000000000004,0.09,2,2
2012-01-02,11101.869999999999,458.12300000000016,0.05833333333333333,6,6
2012-01-03,31997.8555,13327.892,0.041,10,10
2012-01-04,1254.25,-462.375,0.05333333333333334,3,3
2012-01-05,39734.403999999995,3320.3920499999995,0.04666666666666666,15,15
2012-01-06,35525.7985,-11310.465,0.038461538461538464,13,13
2012-01-07,52140.908500000005,-2314.211,0.05777777777777778,9,8
2012-01-08,22216.35,9395.448,0.05,4,4
2012-01-09,1212.82,-943.9525,0.0475,8,8
2012-01-10,27309.93,6496.87,0.034166666666666665,12,12
2012-01-11,13858.92,1320.2399999999998,0.054285714285714284,7,7
2012-01-12,23487.510000000002,4720.669999999999,0.042499999999999996,8,8
2012-01-13,1443.32,-288.15189999999996,0.045,4,4
2012-01-14,31652.05,4718.0208999999995,0.05666666666666667,12,11
2012-01-15,1238.1100000000001,-48.313500000000005,0.04666666666666667,6,6
2012-01-16,5949.0005,1.1893569999999727,0.039,10,10
2012-01-17,12582.6295,180.402,0.05333333333333334,12,12
2012-01-18,14521.14,4265.3575,0.04857142857142858,7,7
2012-01-19,5991.22,968.0104999999999,0.07,4,4
2012-01-20,6137.38,455.11,0.02,2,2
2012-01-21,24975.15,1882.1316000000004,0.05285714285714286,14,12
2012-01-22,50492.204,9686.5205,0.033,10,10
2012-01-23,2832.26,365.53,0.02666666666666667,3,3
2012-01-24,12056.72,2081.68,0.046,5,5
2012-01-25,1543.562,-51.929,0.08,2,2
2012-01-26,18810.798,-1093.58,0.061111111111111116,9,9
2012-01-27,8518.1915,1266.671,0.05600000000000001,5,5
2012-01-28,1777.48,-988.5195,0.02666666666666667,6,6
2012-01-29,18312.877500000002,7402.696,0.043333333333333335,3,3
2012-01-30,17713.87,7786.2300000000005,0.08333333333333333,3,3
2012-01-31,18861.54,183.40687499999999,0.05555555555555555,9,9
2012-02-01,5031.900000000001,894.0699999999999,0.043333333333333335,3,3
2012-02-02,17603.5,-3173.905971,0.05333333333333334,6,6
2012-02-03,1027.4715,-153.334,0.060000000000000005,2,2
2012-02-04,14977.09,-1382.788,0.05625,16,16
2012-02-05,23372.385000000002,9135.635999999999,0.06857142857142857,7,7
2012-02-06,18951.1535,-1628.1975000000002,0.03666666666666667,6,6
2012-02-07,5425.6385,968.3054999999999,0.054000000000000006,5,5
2012-02-08,4065.92,-369.8285000000001,0.0675,4,4
2012-02-09,10318.72,1445.36,0.01,1,1
2012-02-10,1731.55,-27.00569999999999,0.03,5,5
2012-02-11,35505.596,492.82619999999974,0.05800000000000001,5,5
2012-02-12,10364.3135,2040.6015,0.050833333333333335,12,12
2012-02-13,18113.7,1990.1000000000001,0.04,5,5
2012-02-14,10597.754,1480.1399999999999,0.034999999999999996,4,4
2012-02-15,26712.89,1968.5625,0.06625,8,8
2012-02-16,10921.22,114.51150000000001,0.03666666666666667,6,6
2012-02-17,10589.230000000001,-1654.6265,0.036,5,5
2012-02-18,12304.269999999999,707.018,0.065,2,2
2012-02-19,2793.16,412.86999999999995,0.028333333333333335,6,6
2012-02-20,1903.01,-463.77650000000006,0.036666666666666674,6,6
2012-02-21,3871.5499999999997,-178.341,0.07,3,3
2012-02-22,22364.64,7451.66,0.0375,4,4
2012-02-23,2568.1,-798.85,0.0225,4,4
2012-02-24,17870.63,3193.34,0.0325,4,4
2012-02-25,5219.6,-248.7885,0.06000000000000001,5,5
2012-02-26,16787.9365,4368.4175000000005,0.06444444444444446,9,9
2012-02-27,15077.571,2432.0885,0.054000000000000006,5,5
2012-02-28,6410.137,1406.6399999999999,0.08750000000000001,4,4
2012-03-01,7288.137500000001,-11430.2895,0.055714285714285716,7,7
2012-03-02,5553.264,-0.21299999999997965,0.03833333333333334,6,6
2012-03-03,74.3,-129.01,0.08,1,1
2012-03-04,4936.642,-1174.8700000000001,0.06,3,3
2012-03-05,12197.0835,566.4770000000001,0.03777777777777778,9,9
2012-03-06,6055.73,-486.27,0.065,4,4
2012-03-07,9418.14,909.36,0.09,1,1
2012-03-08,9650.95,1181.2327,0.046,5,5
2012-03-09,14449.7975,5068.438999999999,0.038,5,5
2012-03-10,20262.88,-14391.109400000001,0.05,4,4
2012-03-11,5652.922500000001,12.167000000000002,0.05,4,4
2012-03-12,12307.6175,-500.1020000000001,0.025714285714285714,7,6
2012-03-13,2835.0379999999996,-398.34149999999994,0.052500000000000005,4,4
2012-03-14,26845.948500000002,-44.47269999999986,0.05142857142857143,7,7
2012-03-15,8290.533,-1141.102206,0.05833333333333333,6,6
2012-03-16,2003.64,-505.56999999999994,0.07250000000000001,4,4
2012-03-17,642.7,-115.77000000000001,0.05000000000000001,3,3
2012-03-18,19335.2745,893.7620000000002,0.0475,8,8
2012-03-19,5389.692,-247.92249999999999,0.05285714285714286,7,7
2012-03-20,14920.369999999999,-1972.87,0.041666666666666664,6,6
2012-03-21,117076.414,38014.436499999996,0.04,6,6
2012-03-22,25094.63,-191.6534999999999,0.049166666666666664,12,12
2012-03-23,3497.4300000000003,-2194.102,0.047142857142857146,7,7
2012-03-24,10960.662,941.2663749999999,0.06714285714285714,7,7
2012-03-25,19125.14,3705.6755000000003,0.035,10,10
2012-03-26,6207.280000000001,1490.747,0.07,6,6
2012-03-27,23464.6025,3317.6722,0.052000000000000005,15,15
2012-03-28,10457.9575,2067.446,0.047142857142857146,7,7
2012-03-29,2030.7835,-103.62699999999998,0.05500000000000001,4,4
2012-03-30,5362.0380000000005,-41.48949999999998,0.04142857142857143,7,7
2012-03-31,241.131,-296.91900000000004,0.07333333333333333,3,3
2012-04-01,6188.4245,72.13900000000002,0.06857142857142857,7,7
2012-04-02,18390.34,2457.0600000000004,0.068,5,5
2012-04-03,1958.32,632.29,0.0,1,1
2012-04-04,4278.412,1265.46,0.028333333333333332,6,6
2012-04-05,3341.4755000000005,238.5455,0.07250000000000001,4,4
2012-04-06,28468.031000000003,3732.522,0.04428571428571428,14,13
2012-04-07,5592.624,40.620000000000005,0.04428571428571428,7,7
2012-04-08,5138.93,1855.7894999999999,0.043333333333333335,6,6
2012-04-09,48940.039000000004,12643.064,0.06285714285714286,14,14
2012-04-10,23459.826,2698.2403,0.038181818181818185,11,11
2012-04-11,2991.31,1037.273,0.04,4,4
2012-04-12,5466.4400000000005,-7533.6337,0.065,4,4
2012-04-13,983.8,315.4305,0.049999999999999996,3,3
2012-04-14,6603.112000000001,-932.1782059999999,0.05333333333333332,3,3
2012-04-15,9822.89,1743.711,0.062,5,5
2012-04-16,33551.6235,-6518.7074,0.04,4,3
2012-04-17,19673.942,5742.662,0.04,4,4
2012-04-18,19015.805,828.3189999999998,0.06625,8,8
2012-04-19,32745.649999999998,6809.5085,0.049999999999999996,7,7
2012-04-20,15362.289999999999,737.23,0.06166666666666667,6,6
2012-04-21,17745.03,1979.44958,0.05,8,8
2012-04-22,5428.33,1345.9395,0.04666666666666667,6,6
2012-04-23,14653.150000000001,-2929.1220000000003,0.06,6,6
2012-04-24,8302.48,2279.545,0.023333333333333334,6,6
2012-04-25,126.95,-4.17,0.0,1,1
2012-04-26,11541.380000000001,2555.62,0.05,4,4
2012-04-27,14316.9085,4314.9455,0.062,5,5
2012-04-28,8281.42,176.55,0.05333333333333334,6,6
2012-04-29,13885.3295,-21.15599999999995,0.0625,4,4
2012-04-30,7022.219499999999,1569.769,0.02666666666666667,3,3
2012-05-01,2583.33,-624.74,0.04428571428571428,7,7
2012-05-02,3743.2925,554.89,0.06,5,5
2012-05-03,5642.969999999999,677.24,0.0725,4,4
2012-05-04,26605.7695,5349.7564999999995,0.05714285714285715,7,7
2012-05-05,15378.5435,2017.2705,0.049999999999999996,6,6
2012-05-06,2807.88,22.94909999999993,0.02,3,3
2012-05-07,5233.2445,-406.72799999999995,0.0625,8,8
2012-05-08,616.5799999999999,-853.05,0.06,3,3
2012-05-09,2063.7455,-149.14200000000002,0.066,5,5
2012-05-10,1063.21,-51.47,0.09,2,2
2012-05-11,9750.5645,-239.31550000000013,0.05,9,9
2012-05-12,4512.47,773.5,0.05,8,8
2012-05-13,7568.532999999999,-1070.5610000000001,0.03375,8,8
2012-05-14,3767.7425000000003,236.41,0.035,6,6
2012-05-15,10788.84,1960.6174999999998,0.04777777777777778,9,9
2012-05-16,8362.49,-197.2595,0.052000000000000005,5,5
2012-05-17,4575.09,271.87,0.066,5,5
2012-05-18,14329.952500000001,-551.9925000000001,0.05857142857142857,7,7
2012-05-19,705.22,-206.7185,0.04666666666666667,3,3
2012-05-20,5825.0745,297.4615,0.04,9,9
2012-05-21,7267.7495,627.7846,0.046363636363636364,11,11
2012-05-22,16460.14,-1231.2292000000002,0.05857142857142857,7,7
2012-05-23,5593.63,1172.621,0.054000000000000006,5,5
2012-05-24,21879.26,1302.0087629999998,0.0642857142857143,7,7
2012-05-25,8401.7785,2050.7095,0.05909090909090909,11,11
2012-05-26,17831.7115,4979.909000000001,0.02,6,6
2012-05-27,2866.21,300.5874999999999,0.03,5,5
2012-05-28,5842.88,-765.1600000000001,0.028333333333333335,6,6
2012-05-29,1084.406,111.379,0.01,3,3
2012-05-30,6993.23,1675.7920000000001,0.05,2,2
2012-06-01,9692.601,-266.65,0.051666666666666666,12,12
2012-06-02,8099.9915,531.83095,0.04,6,6
2012-06-03,27510.9735,1824.2640000000001,0.06,10,10
2012-06-04,8637.146999999999,-2453.3615,0.052000000000000005,5,5
2012-06-05,4998.03,1092.94,0.09,1,1
2012-06-06,234.27,43.410000000000004,0.045000000000000005,2,2
2012-06-07,32550.64,12920.666500000001,0.051111111111111114,9,9
2012-06-08,3449.87,1051.9699999999998,0.035,2,2
2012-06-09,138.84,8.75,0.0,1,1
2012-06-10,189.75,-40.557,0.025,2,2
2012-06-11,13396.983,2010.2604999999999,0.026000000000000002,10,10
2012-06-12,18761.832,-297.75,0.05090909090909091,11,11
2012-06-13,4315.7815,63.19650000000004,0.038,5,5
2012-06-14,20271.85,6364.487499999999,0.030000000000000002,4,4
2012-06-15,7605.93,54.59750000000002,0.045714285714285714,7,7
2012-06-16,706.53,-314.42,0.0,1,1
2012-06-17,9320.66,-850.5374999999999,0.037142857142857144,14,14
2012-06-18,4594.71,163.48000000000002,0.085,2,2
2012-06-19,10488.59,-550.6700000000001,0.0675,4,4
2012-06-20,1234.8400000000001,-261.3935,0.07,5,5
2012-06-21,4756.900000000001,599.0530000000001,0.046,5,5
2012-06-22,21701.597,6858.24,0.06375,8,8
2012-06-23,8092.826,-879.692,0.05333333333333334,6,6
2012-06-24,4386.9875,247.922,0.04,7,7
2012-06-25,16368.703,4635.2918500000005,0.052000000000000005,5,5
2012-06-26,155.45,-19.6765,0.03,1,1
2012-06-28,5590.460000000001,-341.196,0.0625,4,4
2012-06-29,3084.8849999999998,-271.768,0.05833333333333333,6,6
2012-06-30,13118.44,2717.89,0.05444444444444445,9,9
2012-07-01,39106.902,2386.2260000000006,0.034,10,10
2012-07-02,23525.05,5302.972,0.06333333333333334,9,9
2012-07-03,6538.2005,594.6519999999999,0.0625,8,8
2012-07-04,28156.03,3679.9988,0.056999999999999995,10,10
2012-07-05,9394.36,-1019.7060000000001,0.0425,4,4
2012-07-06,11919.131,2610.297,0.030714285714285715,14,14
2012-07-07,10763.212500000001,-336.8649999999998,0.02375,8,8
2012-07-08,139.45,-137.494,0.02,1,1
2012-07-09,24777.902,9772.2035,0.028571428571428574,7,7
2012-07-10,22045.92,5894.926,0.08,2,2
2012-07-11,230.74,27.23,0.08,1,1
2012-07-12,21509.3645,3969.2227999999996,0.053636363636363635,11,11
2012-07-13,5382.581,-1460.023,0.057499999999999996,4,3
2012-07-14,7029.024,862.72,0.060000000000000005,4,4
2012-07-15,4976.367499999999,-3159.6375000000003,0.03833333333333333,6,6
2012-07-16,6546.679,429.8385,0.05375,8,8
2012-07-17,9469.28,346.41049999999996,0.049,10,10
2012-07-20,13204.1335,-2543.1469,0.045,8,8
2012-07-21,12871.5445,-681.9935,0.04083333333333333,12,12
2012-07-22,5189.4775,1178.176,0.06,5,5
2012-07-24,8628.9385,-196.29449999999997,0.05142857142857143,7,7
2012-07-25,101.47,-18.64,0.03,1,1
2012-07-26,39009.398499999996,7639.784,0.043333333333333335,12,12
2012-07-27,3435.274,558.241,0.060000000000000005,7,7
2012-07-28,21517.79,-7805.4392,0.02666666666666667,3,3
2012-07-29,5956.16,-813.954,0.0625,4,4
2012-07-30,2559.2395,285.22350000000006,0.049999999999999996,6,6
2012-07-31,36520.35,14384.50745,0.03125,8,8
2012-08-01,14562.18,979.2625,0.03,5,5
2012-08-02,6460.15,2100.954,0.041428571428571426,7,7
2012-08-03,7136.0895,902.259,0.04666666666666667,3,3
2012-08-04,13059.3725,-5707.6946,0.0525,8,8
2012-08-05,25139.098,2638.277,0.04777777777777778,9,9
2012-08-06,12255.346,2260.235,0.04272727272727273,11,11
2012-08-07,3853.724,353.79549999999995,0.076,5,5
2012-08-08,1187.1525,33.192,0.03,1,1
2012-08-09,1237.94,-63.048500000000004,0.08750000000000001,4,4
2012-08-10,18039.137000000002,748.49,0.038,10,10
2012-08-11,10908.53,1716.25,0.049999999999999996,7,7
2012-08-12,1937.0065,-223.6365,0.032,5,5
2012-08-13,1983.1299999999999,-309.46999999999997,0.05,2,2
2012-08-14,22116.945499999998,4070.7709999999997,0.04692307692307692,13,13
2012-08-15,31473.414,4512.2833,0.048,15,15
2012-08-16,6779.545999999999,-889.334479,0.045000000000000005,6,6
2012-08-17,2041.19,241.89000000000001,0.035,2,2
2012-08-18,29847.092000000004,605.9180000000001,0.03375,8,8
2012-08-19,4331.0244999999995,741.915,0.05600000000000001,5,5
2012-08-20,10784.98,885.481,0.036666666666666674,3,3
2012-08-21,34912.268,3673.2219999999998,0.049999999999999996,6,6
2012-08-22,16884.046,428.9720000000001,0.03875,8,8
2012-08-23,14492.297999999999,-56.01977000000004,0.04285714285714286,7,7
2012-08-24,5561.1715,-658.347,0.032857142857142856,7,7
2012-08-25,4340.570000000001,787.4965,0.0675,4,4
2012-08-26,2202.67,-2846.71,0.0675,4,4
2012-08-27,8834.449999999999,522.3055,0.04,9,9
2012-08-28,12774.3235,-2348.928,0.055714285714285716,7,7
2012-08-29,1637.95,-205.23999999999998,0.03,3,3
2012-08-30,305.48,47.14,0.1,1,1
2012-08-31,2676.4399999999996,-258.8305,0.02625,8,8
2012-09-01,20550.6445,2793.0039999999995,0.0725,8,8
2012-09-02,12606.44,1651.2605,0.05833333333333333,6,6
2012-09-03,541.47,90.62,0.05,1,1
2012-09-04,54005.963,9089.294,0.057272727272727274,11,11
2012-09-05,14603.084,2439.8720000000003,0.041249999999999995,8,8
2012-09-06,14970.64,-5358.130999999999,0.06285714285714286,7,7
2012-09-07,776.0899999999999,-89.47399999999999,0.05666666666666667,3,3
2012-09-08,6314.54,696.077,0.06,4,4
2012-09-09,14.74,-2.58,0.08,1,1
2012-09-10,4827.9965,899.3760000000001,0.02666666666666667,3,3
2012-09-11,2359.1485000000002,-590.4159999999999,0.047,10,10
2012-09-12,10648.432499999999,2134.62,0.03625,8,8
2012-09-13,12990.617000000002,2157.4809999999998,0.041666666666666664,6,6
2012-09-14,4938.106,-838.6293659999999,0.049999999999999996,6,6
2012-09-15,4379.46,620.598,0.04,5,5
2012-09-16,35904.64,11238.4104,0.051000000000000004,10,10
2012-09-17,11356.04,3343.7589999999996,0.047142857142857146,7,7
2012-09-18,4098.51,1334.0600000000002,0.03,5,5
2012-09-19,8292.39,412.54999999999995,0.03727272727272727,11,10
2012-09-20,4072.2625,551.519,0.04666666666666667,6,6
2012-09-21,162.13,-37.04,0.07,2,2
2012-09-22,6163.9,211.25,0.049999999999999996,2,2
2012-09-23,8649.1725,742.26,0.05666666666666667,6,6
2012-09-24,5484.784,-1702.5715,0.05875,8,8
2012-09-25,20500.4695,3364.007,0.06636363636363636,11,11
2012-09-26,8809.89,-123.14999999999998,0.027500000000000004,4,4
2012-09-27,4364.9439999999995,290.403,0.0625,4,4
2012-09-28,4023.9399999999996,-247.74999999999997,0.04,5,5
2012-09-29,7528.38,907.0735,0.037142857142857144,7,7
2012-09-30,31353.489999999998,10674.2815,0.06,8,8
2012-10-01,10793.7455,1467.5925,0.054285714285714284,7,7
2012-10-02,24936.23,-2358.8648999999996,0.02,4,4
2012-10-04,38444.9335,13875.2825,0.04785714285714286,14,14
2012-10-05,21015.771,2361.4449,0.030000000000000006,5,5
2012-10-06,844.376,-212.0145,0.02666666666666667,3,3
2012-10-07,19550.156,1957.9665,0.072,10,10
2012-10-08,6003.1125,212.24999999999997,0.05714285714285715,7,7
2012-10-09,19050.7435,2718.2965,0.06142857142857143,14,14
2012-10-10,3530.5355000000004,798.793,0.076,5,5
2012-10-11,3002.89,108.63999999999999,0.032,5,5
2012-10-12,591.27,-172.7061,0.045,2,2
2012-10-13,11199.3755,1065.7933,0.03833333333333334,6,6
2012-10-15,4464.095,-234.52709999999996,0.06222222222222223,9,9
2012-10-17,23347.67,-13261.6386,0.044,5,5
2012-10-18,8390.712,2412.922,0.02142857142857143,7,7
2012-10-19,9407.943000000001,2553.731,0.04833333333333334,6,6
2012-10-20,69770.4605,22806.853499999997,0.039999999999999994,10,10
2012-10-21,23203.600000000002,7475.5138,0.05,5,5
2012-10-22,2152.1299999999997,890.76,0.02,2,2
2012-10-23,15070.0,2998.6035,0.05,4,4
2012-10-24,652.3499999999999,45.908,0.043333333333333335,3,3
2012-10-25,17369.520000000004,5157.9400000000005,0.036,5,5
2012-10-26,2651.23,-741.81,0.09,1,1
2012-10-27,4912.2880000000005,688.208,0.056666666666666664,3,3
2012-10-28,13100.36,3780.2585,0.06857142857142857,7,7
2012-10-29,5609.6825,-1101.219,0.027777777777777776,9,9
2012-10-30,808.63,55.89999999999999,0.0775,4,4
2012-10-31,1681.4565,-121.892,0.044,5,5
2012-11-01,152.31,38.08,0.03,1,1
2012-11-02,16708.3585,-3780.956,0.05454545454545454,11,11
2012-11-03,24832.836,1512.6670000000001,0.045000000000000005,12,12
2012-11-04,2647.115,171.5795,0.034444444444444444,9,9
2012-11-05,10805.0015,2813.083,0.016,5,5
2012-11-06,496.307,-89.16499999999999,0.030000000000000002,2,2
2012-11-07,607.14,-157.4,0.05,2,2
2012-11-08,20317.183,3641.869,0.051250000000000004,8,8
2012-11-09,30.47,-10.7,0.02,1,1
2012-11-10,6798.2699999999995,108.1747,0.04428571428571428,7,7
2012-11-11,10197.74,2067.01,0.0525,4,4
2012-11-12,6736.64,1998.5449999999998,0.043333333333333335,3,3
2012-11-13,889.63,193.22,0.005,2,2
2012-11-14,7796.4525,510.8565,0.052000000000000005,5,5
2012-11-15,964.5799999999999,-1192.8500000000001,0.045,2,2
2012-11-16,7331.4555,976.02,0.061,10,10
2012-11-17,8901.47,2268.4337,0.055,8,8
2012-11-18,1205.2,124.4375,0.08,3,3
2012-11-19,6530.61,-648.76,0.05000000000000001,3,3
2012-11-20,28098.3685,-378.92367700000005,0.07,13,13
2012-11-21,2380.5699999999997,132.63549999999998,0.0325,4,4
2012-11-22,2443.7775,252.19499999999994,0.060000000000000005,4,4
2012-11-23,22937.13,4777.236,0.045454545454545456,11,11
2012-11-24,4327.614,-1017.0455,0.06,6,6
2012-11-25,14206.86,3370.009,0.049,10,10
2012-11-26,2665.8300000000004,39.391,0.03333333333333333,3,3
2012-11-27,20872.16,-4437.91,0.03,1,1
2012-11-28,3735.7070000000003,788.255,0.037500000000000006,4,4
2012-11-29,9184.33,1932.75,0.05833333333333334,6,6
2012-11-30,4132.31,219.481,0.05,9,9
2012-12-01,7282.5,-1297.0,0.076,5,5
2012-12-02,3691.3199999999997,950.9405,0.036250000000000004,8,8
2012-12-03,34.66,-20.87,0.06,1,1
2012-12-04,3153.801,-186.688,0.08,4,4
2012-12-05,52417.92,9637.687,0.049090909090909095,11,11
2012-12-06,18073.45,811.0474999999999,0.05153846153846154,13,13
2012-12-07,11507.81,-120.74230000000011,0.024999999999999998,6,6
2012-12-08,8391.8,2850.6279999999997,0.07,2,2
2012-12-09,2087.0105000000003,-237.43869999999998,0.046,5,5
2012-12-10,2971.38,-200.75,0.06666666666666667,3,3
2012-12-11,9428.716,2570.467,0.02428571428571429,7,6
2012-12-12,51478.577000000005,2400.2935,0.06076923076923077,13,13
2012-12-13,15519.54,5038.5635,0.049999999999999996,3,3
2012-12-14,9119.14,-464.66049999999984,0.05,9,9
2012-12-15,971.4475,-609.1020000000001,0.0,2,2
2012-12-16,9323.58,232.54000000000002,0.03428571428571429,7,7
2012-12-17,1080.99,129.91000000000003,0.09666666666666668,3,3
2012-12-18,8216.2865,-365.53499999999997,0.08,7,7
2012-12-19,22644.62,2301.24595,0.065,8,8
2012-12-20,34532.672999999995,3334.137,0.05857142857142857,7,7
2012-12-21,3284.33,1129.9099999999999,0.04,3,3
2012-12-22,11224.655999999999,2209.2985000000003,0.049999999999999996,7,7
2012-12-23,26450.760000000002,-4053.0712,0.049999999999999996,3,3
2012-12-24,2410.92,-125.11250000000001,0.023333333333333334,3,3
2012-12-25,11503.487,-223.82329000000004,0.038571428571428576,7,7
2012-12-26,17214.3,4240.76,0.035,4,4
2012-12-27,5514.423500000001,-148.68099999999998,0.042,5,5
2012-12-28,22878.289999999997,7057.967,0.04555555555555556,9,9
2012-12-29,5567.0295,1410.282,0.04,2,2
2012-12-30,29286.41,12009.046,0.08,3,3
2012-12-31,8547.523000000001,2382.263,0.02333333333333333,3,3
2013-01-01,6288.97,407.41020000000003,0.044,5,5
2013-01-02,17636.668,696.633,0.08,6,6
2013-01-03,33551.35,7193.320000000001,0.05444444444444445,9,9
2013-01-04,7939.47,-775.35,0.023333333333333334,3,3
2013-01-05,4505.832,411.32499999999993,0.065,6,6
2013-01-06,775.08,-77.0865,0.05666666666666667,3,3
2013-01-07,7562.09,895.5899999999999,0.028333333333333335,6,6
2013-01-08,1291.1135,-118.5489,0.0125,4,4
2013-01-09,46057.04,19924.98,0.04,2,2
2013-01-10,24335.23,5008.2300000000005,0.062,10,10
2013-01-11,37204.21,10461.976,0.027777777777777776,9,9
2013-01-12,2347.754,-140.22195,0.05,5,5
2013-01-13,9474.96,2646.208,0.05,4,4
2013-01-14,15324.59,1263.3639999999998,0.03777777777777777,9,9
2013-01-15,8967.948,2688.721,0.018,5,5
2013-01-16,5928.42,-765.0954999999999,0.055714285714285716,7,7
2013-01-17,886.1700000000001,-17.020000000000003,0.049999999999999996,3,3
2013-01-18,14592.652,-8586.063400000001,0.06,10,10
2013-01-19,155.51,-87.34,0.07,1,1
2013-01-20,4635.7,-2304.4199,0.047,10,10
2013-01-21,81.68,-25.22,0.08,1,1
2013-01-22,9507.24,-1050.5255000000002,0.061111111111111116,9,9
2013-01-23,5614.45,1240.0439999999999,0.04666666666666667,3,3
2013-01-24,5437.562,921.827,0.06,4,4
2013-01-25,31121.066,199.29163400000016,0.04857142857142858,7,7
2013-01-26,1985.1699999999998,-426.02,0.04,5,5
2013-01-27,5.06,-2.64,0.01,1,1
2013-01-28,5244.09,1532.6899999999998,0.052500000000000005,4,4
2013-01-29,9323.34,1201.843,0.0475,4,4
2013-01-30,5810.625,1726.6170000000002,0.085,4,4
2013-01-31,12935.64,4132.75,0.06857142857142857,7,7
2013-02-01,6456.468,1232.819,0.03,7,7
2013-02-02,9199.33,114.8755,0.052727272727272734,11,11
2013-02-03,2622.456,25.549999999999997,0.03333333333333333,3,3
2013-02-04,7216.516,-28.637499999999974,0.037,10,10
2013-02-05,4452.16,1643.7835,0.05666666666666667,3,3
2013-02-06,9599.999,902.816,0.03777777777777778,9,9
2013-02-07,6210.052,-812.194983,0.04833333333333334,6,6
2013-02-08,15480.53,-604.6335,0.028000000000000004,5,5
2013-02-09,22834.5,109.21050000000002,0.052500000000000005,4,4
2013-02-10,17742.2285,4560.581999999999,0.056249999999999994,8,8
2013-02-11,10221.72,-191.79440000000002,0.06272727272727273,11,11
2013-02-12,11301.43,-188.69999999999993,0.044,5,5
2013-02-13,301.44,-213.02999999999997,0.06,2,2
2013-02-14,8137.642999999999,-703.811,0.07,4,4
2013-02-15,1015.94,94.34,0.056666666666666664,3,3
2013-02-16,877.0999999999999,168.968,0.05,2,2
2013-02-17,10147.480000000001,2102.42,0.0425,4,4
2013-02-18,136.29,-77.28,0.05,1,1
2013-02-19,7070.62,-919.7365,0.038,5,5
2013-02-20,10933.3,1849.4669999999999,0.04555555555555556,9,9
2013-02-21,3822.16,-129.19600000000003,0.076,5,5
2013-02-22,9555.91,-1036.279,0.035,10,10
2013-02-23,3137.88,-39.750000000000014,0.017142857142857144,7,7
2013-02-24,997.67,-354.5815,0.05285714285714286,7,7
2013-02-25,2506.5675,-367.2781,0.0575,4,4
2013-02-26,27328.5,5699.767950000001,0.055714285714285716,14,14
2013-02-27,52347.318,11207.717,0.05176470588235294,17,17
2013-02-28,9927.3,1953.7199999999998,0.04,2,2
2013-03-01,1998.99,151.2,0.052000000000000005,5,5
2013-03-02,3884.926,142.47699999999998,0.061,10,10
2013-03-03,21561.287,-1223.532366,0.051250000000000004,8,8
2013-03-04,4223.5,-1194.42,0.07333333333333335,3,3
2013-03-05,3172.121,374.692,0.06,6,6
2013-03-06,15.81,-9.88,0.06,1,1
2013-03-07,17278.877500000002,2831.0879999999997,0.04357142857142857,14,14
2013-03-08,10785.7,822.4530000000004,0.035,8,8
2013-03-09,8264.012999999999,-178.652,0.06166666666666667,12,12
2013-03-10,1126.27,269.835,0.0,2,2
2013-03-11,1561.2205,-226.82,0.09,1,1
2013-03-12,20082.237,-2469.2343659999997,0.051428571428571435,7,7
2013-03-13,8737.7185,-805.193,0.06333333333333334,9,9
2013-03-14,5006.4595,-2117.683,0.0625,4,4
2013-03-15,4690.711499999999,353.663,0.036,5,5
2013-03-16,1806.701,-155.886,0.016666666666666666,3,3
2013-03-17,974.12,61.359999999999985,0.08666666666666667,3,3
2013-03-18,337.38,-409.79,0.0,1,1
2013-03-19,3276.051,552.173,0.05333333333333334,3,3
2013-03-20,11596.5,-1217.5925,0.02,2,2
2013-03-21,4032.46,683.923,0.0475,8,8
2013-03-22,2289.3500000000004,147.26,0.04666666666666667,3,3
2013-03-23,188.07,-101.85,0.0,1,1
2013-03-24,12520.68,2544.9100000000003,0.07200000000000001,5,5
2013-03-25,9024.2625,-58.74420599999996,0.05333333333333334,6,6
2013-03-26,2092.2905,74.22499999999997,0.07333333333333335,3,3
2013-03-27,3577.5,-791.8399999999998,0.04,3,3
2013-03-28,11429.550000000001,-1287.727379,0.056666666666666664,6,6
2013-03-29,14096.62,2903.34,0.038,5,5
2013-03-30,19366.41,679.542,0.05444444444444444,9,9
2013-03-31,8810.22,773.3720999999999,0.05666666666666667,3,3
2013-04-01,16290.280000000002,2943.1577,0.05800000000000001,5,5
2013-04-02,1552.476,-178.19,0.034999999999999996,2,2
2013-04-03,18912.5215,-2952.801,0.065,6,6
2013-04-04,5953.887,443.205,0.0675,4,4
2013-04-05,3034.6,-910.74,0.06,2,2
2013-04-06,2341.88,-480.33336599999996,0.05000000000000001,3,3
2013-04-07,3101.2075,-319.8055,0.06333333333333334,6,6
2013-04-08,1076.8899999999999,-1429.834,0.035,4,4
2013-04-09,6346.132500000001,-493.389,0.03333333333333333,3,3
2013-04-10,16841.439,2650.388,0.051666666666666666,12,12
2013-04-11,8809.5005,-196.1465000000001,0.04818181818181819,11,11
2013-04-12,14170.3575,42.27757999999993,0.06714285714285714,7,7
2013-04-15,12732.7115,1172.8799999999999,0.05923076923076923,13,13
2013-04-16,21870.409999999996,6775.976,0.0625,8,8
2013-04-17,2175.218,44.55,0.07,1,1
2013-04-18,315.42,-41.26,0.1,1,1
2013-04-19,4581.54,-490.88,0.045000000000000005,6,6
2013-04-20,52953.413,12947.0695,0.049999999999999996,17,17
2013-04-22,1257.109,-2090.163,0.0675,4,4
2013-04-23,104.89,22.8395,0.07,1,1
2013-04-24,6324.105,530.911,0.015,2,2
2013-04-25,1470.498,-675.4010000000001,0.078,5,5
2013-04-26,19149.97,5048.54,0.0675,4,4
2013-04-27,8337.15,1758.072,0.0825,4,4
2013-04-28,10672.900000000001,-1006.8545,0.05750000000000001,4,4
2013-04-29,16510.41,-5796.2055,0.028571428571428574,7,7
2013-04-30,10081.672999999999,-11.374000000000024,0.048571428571428564,7,7
2013-05-01,6889.1395,1655.063,0.055,4,4
2013-05-02,8888.039999999999,-572.29,0.05500000000000001,4,4
2013-05-03,6877.14,622.158,0.046,5,5
2013-05-04,602.19,-381.1525,0.04,4,4
2013-05-05,18082.04,409.43999999999994,0.06142857142857143,7,7
2013-05-06,11583.94,-647.5385,0.07555555555555556,9,9
2013-05-07,13416.56,4267.467,0.030000000000000002,9,9
2013-05-08,594.82,-212.39999999999998,0.055,2,2
2013-05-09,136.41,-2.0779999999999994,0.07,4,4
2013-05-10,4408.528,54.22500000000002,0.034999999999999996,6,6
2013-05-11,26073.415,6199.4035,0.05,13,13
2013-05-12,9902.75,227.73000000000002,0.05,8,8
2013-05-13,12495.2755,1680.3595,0.051666666666666666,6,6
2013-05-14,21489.176,6411.848,0.04363636363636364,11,11
2013-05-15,14092.0,2062.87,0.060000000000000005,7,7
2013-05-16,300.93,-45.87,0.04,2,2
2013-05-17,16637.083,4011.7840000000006,0.03,7,7
2013-05-18,362.35999999999996,-28.7,0.02,2,2
2013-05-19,26101.516,5997.052,0.03571428571428571,7,7
2013-05-20,2476.86,69.55800000000002,0.04777777777777778,9,9
2013-05-21,6508.47,-1637.316,0.041,10,10
2013-05-22,388.56,-85.2,0.045,2,2
2013-05-23,6349.5845,616.4795,0.04818181818181819,11,11
2013-05-24,12093.77,3780.73,0.07333333333333333,6,6
2013-05-25,11951.5735,254.01400000000004,0.043333333333333335,12,12
2013-05-26,6908.16,1208.47,0.04428571428571428,7,7
2013-05-27,12673.929999999998,1989.1,0.045,4,4
2013-05-28,5665.38,1030.53,0.045000000000000005,6,6
2013-05-29,9718.898,3169.9700000000003,0.05,5,5
2013-05-30,1684.44,260.8045,0.044,5,5
2013-05-31,8181.3460000000005,270.13970000000006,0.05800000000000001,5,5
2013-06-01,24848.25,4278.26,0.022,5,5
2013-06-02,19275.14,2269.311794,0.045000000000000005,4,4
2013-06-03,11581.04,2098.76705,0.044,5,5
2013-06-04,1201.4,-502.491,0.0525,4,4
2013-06-05,9748.6545,1297.1270000000002,0.05833333333333334,6,6
2013-06-06,6408.2415,1800.743,0.052000000000000005,5,5
2013-06-07,6266.7285,695.436,0.060000000000000005,7,7
2013-06-08,11589.27,-1958.3450000000003,0.04666666666666666,9,9
2013-06-09,3604.1400000000003,561.4435,0.02888888888888889,9,9
2013-06-10,7445.353999999999,58.87650000000008,0.03571428571428571,7,7
2013-06-11,1243.52,360.94,0.08,1,1
2013-06-13,3193.96,-963.198,0.06999999999999999,5,5
2013-06-14,3696.84,-521.89,0.03875,8,8
2013-06-15,3044.44,-118.53789999999995,0.05375,8,8
2013-06-16,23777.4045,4490.608634,0.07666666666666667,6,6
2013-06-17,18505.9085,5331.423,0.065,10,9
2013-06-18,11481.03,2799.65,0.08,1,1
2013-06-19,11761.624499999998,3283.4945,0.037500000000000006,8,8
2013-06-20,458.65,-249.91000000000003,0.055,2,2
2013-06-21,3059.33,491.8045,0.04375,8,8
2013-06-22,394.2805,-382.81600000000003,0.06,2,2
2013-06-23,18674.3005,2744.1639999999998,0.06333333333333332,9,9
2013-06-24,4860.38,20.489999999999995,0.07,3,3
2013-06-25,48541.452,4717.605500000001,0.038461538461538464,13,13
2013-06-26,2471.68,113.92000000000002,0.0575,4,4
2013-06-27,14345.405499999999,3066.3689999999997,0.03571428571428571,7,7
2013-06-28,10522.2685,41.99400000000014,0.0675,4,4
2013-06-29,7025.872,-600.2031250000001,0.0475,4,4
2013-06-30,4054.1000000000004,905.234,0.054000000000000006,5,5
2013-07-03,16697.0475,-1672.911737,0.04642857142857143,14,14
2013-07-04,7914.71,3221.9945000000002,0.07571428571428572,7,7
2013-07-05,225.63,-66.291,0.095,2,2
2013-07-07,6247.397,589.615843,0.06666666666666667,3,3
2013-07-09,4292.49,-1602.08,0.055,4,4
2013-07-10,97.13,-37.06,0.05,1,1
2013-07-13,274.04,-243.869,0.1,1,1
2013-07-14,3407.528,214.77449999999996,0.03428571428571429,7,7
2013-07-15,11080.415,2143.6620000000003,0.0525,4,4
2013-07-16,22464.638,537.8530000000001,0.035454545454545454,11,11
2013-07-17,8219.042,2354.8885,0.05142857142857143,7,7
2013-07-18,2138.67,-143.52149999999997,0.016,5,5
2013-07-19,10424.9535,1826.6945,0.03125,8,8
2013-07-20,17655.290999999997,1719.0675,0.05700000000000001,10,10
2013-07-21,12027.619999999999,2771.278,0.041,10,10
2013-07-22,5479.68,434.54999999999995,0.06799999999999999,5,5
2013-07-23,11768.359,1694.3423,0.03888888888888889,9,9
2013-07-24,11435.289999999999,648.1380000000001,0.051111111111111114,9,9
2013-07-25,16797.568,1999.8879999999997,0.04727272727272727,11,11
2013-07-26,6208.9415,-2566.2605000000003,0.047142857142857146,7,7
2013-07-27,16779.9,-14.624366000000009,0.05,9,9
2013-07-28,1728.19,-385.17379999999997,0.0625,4,4
2013-07-29,27324.789,3453.9959999999996,0.0325,8,8
2013-07-30,4150.892,-410.44804999999997,0.06625,8,8
2013-07-31,5045.287,-550.082,0.04666666666666667,6,6
2013-08-01,90.5,24.71,0.03,1,1
2013-08-02,5554.373,1130.228,0.03166666666666667,6,6
2013-08-03,12969.8745,-597.591,0.05,9,9
2013-08-04,13101.806,1003.9905,0.051176470588235295,17,17
2013-08-05,4841.06,944.1605000000001,0.016,5,5
2013-08-06,14560.449999999999,3317.9915,0.05600000000000001,5,5
2013-08-07,6918.6,1175.26,0.05,5,5
2013-08-08,1803.12,544.93,0.0,1,1
2013-08-09,4385.2519999999995,125.03449999999995,0.055714285714285716,7,7
2013-08-10,6495.027,1190.136,0.04666666666666667,3,3
2013-08-11,1542.27,4.720000000000001,0.01,2,2
2013-08-12,1234.57,215.1765,0.0575,4,4
2013-08-13,1746.2275,-38.71099999999999,0.05142857142857143,7,7
2013-08-14,7212.17,1171.6765,0.035,4,4
2013-08-15,21917.329999999998,5668.8798,0.036,5,5
2013-08-16,14424.7385,319.2695,0.041666666666666664,6,6
2013-08-17,5866.4,799.9000000000001,0.05875,8,8
2013-08-18,1711.73,34.879999999999995,0.05142857142857143,7,7
2013-08-19,586.1600000000001,-289.74,0.045,2,2
2013-08-20,2628.808,-889.36,0.07166666666666667,6,6
2013-08-21,7237.878,251.07799999999997,0.060000000000000005,7,7
2013-08-22,9845.314999999999,2823.525,0.08333333333333333,3,3
2013-08-23,13806.78,2951.28,0.041666666666666664,6,6
2013-08-24,5725.73,1141.0095000000001,0.04777777777777778,9,9
2013-08-25,5.31,-1.5,0.0,1,1
2013-08-26,10660.4155,30.82049999999991,0.05714285714285715,14,14
2013-08-27,9863.4545,-337.513,0.08750000000000001,4,4
2013-08-28,2892.7085,-806.595,0.053750000000000006,8,8
2013-08-29,4823.65,-627.73,0.03666666666666667,3,3
2013-08-30,12741.131000000001,741.470134,0.04230769230769231,13,13
2013-08-31,744.17,-158.64999999999998,0.04666666666666667,3,3
2013-09-01,7659.541,1198.2015,0.05800000000000001,5,5
2013-09-02,863.2,262.79,0.055,2,2
2013-09-03,8288.039999999999,241.775,0.044000000000000004,5,5
2013-09-04,4358.1405,483.6655999999999,0.052000000000000005,5,5
2013-09-05,5060.314,317.576,0.047142857142857146,7,7
2013-09-06,16246.68,2839.2034999999996,0.03833333333333333,6,6
2013-09-07,2754.46,-157.464,0.049999999999999996,7,7
2013-09-08,360.35,22.549999999999997,0.06,3,3
2013-09-09,9706.77,-2477.8535,0.04142857142857143,7,7
2013-09-10,12076.75,2202.89,0.037500000000000006,8,8
2013-09-11,3008.91,498.7565,0.07333333333333335,3,3
2013-09-12,43547.49,19.848300000000563,0.03,6,6
2013-09-13,2084.2915000000003,-226.03699999999998,0.03,6,6
2013-09-14,45754.34,8976.2685,0.06090909090909091,11,11
2013-09-15,31972.109999999997,-523.78,0.03166666666666667,6,6
2013-09-17,21161.22,2642.8310170000004,0.0625,12,12
2013-09-18,5795.226500000001,1236.051,0.04,4,4
2013-09-19,12201.5155,-1466.2525,0.043333333333333335,12,12
2013-09-20,10977.39,-2566.61,0.04857142857142858,7,7
2013-09-21,5655.1,-403.86,0.05714285714285715,7,7
2013-09-22,5359.7905,-466.01049999999987,0.049999999999999996,3,3
2013-09-23,29508.699500000002,4732.811000000001,0.06142857142857143,7,7
2013-09-24,22609.9805,4960.8715,0.044,10,10
2013-09-25,11323.69,403.529,0.04888888888888889,9,9
2013-09-26,12674.829,3338.632465,0.05333333333333334,12,12
2013-09-27,4443.87,-848.1845,0.035,2,2
2013-09-28,21236.690000000002,9156.6455,0.025,4,4
2013-09-29,51527.11,14417.110999999999,0.05600000000000001,10,10
2013-09-30,10126.78,1206.76,0.022857142857142857,7,7
2013-10-01,384.40999999999997,-9.48,0.03,2,2
2013-10-02,12708.14,3454.638,0.048,5,5
2013-10-03,3439.36,-291.2,0.08,5,5
2013-10-04,6752.95,142.9114,0.055,8,8
2013-10-05,218.38,-72.94,0.060000000000000005,2,2
2013-10-06,13825.568,-3.218099999999936,0.04125,8,8
2013-10-07,9071.2135,1453.5665,0.05555555555555555,9,9
2013-10-08,3774.8554999999997,-841.2059999999999,0.036,5,5
2013-10-09,19337.68,-1406.0234999999998,0.054000000000000006,15,15
2013-10-10,3717.0799999999995,932.04,0.060000000000000005,7,7
2013-10-11,16567.75,1153.7990000000002,0.038,5,5
2013-10-12,32853.5215,11592.985999999999,0.052727272727272734,11,11
2013-10-13,5994.219999999999,40.45349999999999,0.0675,4,4
2013-10-14,3697.317,-345.682,0.04,5,5
2013-10-15,33158.28,10203.25,0.05555555555555555,9,9
2013-10-16,13064.237500000001,3404.9619999999995,0.05714285714285715,7,7
2013-10-17,5620.2,176.04,0.01,1,1
2013-10-18,978.64,-131.29,0.06666666666666667,6,6
2013-10-19,2295.0,773.0400000000001,0.07333333333333335,3,3
2013-10-20,36113.24,8592.960000000001,0.0475,8,8
2013-10-21,5342.076,-864.873,0.02666666666666667,3,3
2013-10-22,55418.93,2480.5166339999996,0.045,8,8
2013-10-23,10049.7565,1575.1195,0.051111111111111114,9,9
2013-10-24,9642.5535,2539.669,0.041666666666666664,6,6
2013-10-25,9427.147,-261.822,0.07,3,3
2013-10-26,19954.039999999997,2777.3219999999997,0.049090909090909095,11,11
2013-10-27,1064.76,202.11,0.05333333333333334,3,3
2013-10-28,78.17,-72.703,0.01,1,1
2013-10-29,16783.49,1733.7544,0.05,8,8
2013-10-30,9419.42,-200.19600000000014,0.044,10,10
2013-10-31,4499.599,-131.73704999999995,0.05,9,9
2013-11-01,7256.7465,834.5269000000001,0.03909090909090909,11,11
2013-11-03,4892.85,-1158.9932999999999,0.08666666666666667,3,3
2013-11-04,11760.3225,118.71600000000012,0.038571428571428576,7,7
2013-11-05,4156.36,673.4575,0.052500000000000005,4,4
2013-11-06,11786.445999999998,1604.8600000000001,0.04,6,6
2013-11-07,5102.32,193.33049999999997,0.05666666666666667,3,3
2013-11-08,13081.9,5137.556500000001,0.07142857142857142,7,7
2013-11-09,10629.708999999999,-1523.4634999999998,0.04666666666666666,9,9
2013-11-10,1402.02,359.4355,0.04,2,2
2013-11-11,2086.6800000000003,618.47,0.025,2,2
2013-11-12,6270.9655,126.36200000000002,0.05600000000000001,5,5
2013-11-13,27024.993,-1313.6705000000002,0.049,10,10
2013-11-14,12472.19,-1676.1277999999998,0.06666666666666667,6,6
2013-11-16,18168.496,1603.3085,0.0375,4,4
2013-11-17,13834.46,3336.5964,0.04777777777777778,9,9
2013-11-18,14703.819,1492.515,0.04090909090909091,11,11
2013-11-19,3616.33,92.72999999999999,0.042,5,5
2013-11-20,2569.65,265.14,0.043333333333333335,3,3
2013-11-21,23465.723,-0.8785000000000025,0.03333333333333333,6,6
2013-11-22,17363.081,2065.926,0.047142857142857146,7,7
2013-11-23,22065.97,1234.237,0.05454545454545454,11,11
2013-11-24,14437.216499999999,858.0345,0.03769230769230769,13,12
2013-11-25,9836.82,-441.454079,0.042499999999999996,8,8
2013-11-26,15628.449999999999,7829.65,0.035,2,2
2013-11-27,10664.2775,1085.643,0.05142857142857143,7,7
2013-11-29,3569.71,-78.348,0.045454545454545456,11,11
2013-11-30,2822.84,7.489499999999994,0.0475,4,4
2013-12-01,15002.808,569.9125,0.049999999999999996,7,7
2013-12-02,15699.029999999999,1467.3552629999997,0.03142857142857143,7,7
2013-12-03,8183.57,3672.1,0.03166666666666667,6,6
2013-12-04,3118.99,-1510.103,0.05500000000000001,10,10
2013-12-05,38657.915,1592.608068,0.044000000000000004,15,15
2013-12-06,2727.498,245.51199999999997,0.05000000000000001,3,3
2013-12-07,5461.11,695.1115,0.042222222222222223,9,9
2013-12-08,17855.65,8259.92,0.035,2,2
2013-12-09,23262.45,6435.49,0.060000000000000005,4,4
2013-12-10,12471.532000000001,1743.5899999999997,0.04,2,2
2013-12-11,2768.89,-522.626,0.052500000000000005,4,4
2013-12-12,22047.95,329.45000000000005,0.06277777777777778,18,18
2013-12-13,11882.41,2320.35215,0.041999999999999996,5,5
2013-12-14,7403.0765,-422.866,0.054615384615384614,13,13
2013-12-15,4868.4595,1191.989,0.06666666666666667,3,3
2013-12-16,1356.777,-87.95099999999996,0.060000000000000005,2,2
2013-12-17,15322.6045,283.2930000000001,0.054285714285714284,7,7
2013-12-18,48.41,-1.46,0.06,1,1
2013-12-19,6049.902,337.1649999999999,0.0475,8,7
2013-12-20,29214.462499999998,68.88963399999989,0.025714285714285714,7,7
2013-12-21,19992.496,4930.1855,0.045,8,8
2013-12-22,5172.658,-1170.616,0.04666666666666667,6,6
2013-12-23,12028.23,-547.61,0.01,1,1
2013-12-24,10528.548,-480.63300000000004,0.05,8,8
2013-12-25,22286.17,-3171.5315,0.065,6,6
2013-12-26,15954.7645,1730.355,0.05857142857142857,14,14
2013-12-27,1442.3600000000001,305.67,0.03,2,2
2013-12-28,5144.329,372.5605,0.036250000000000004,8,8
2013-12-29,11785.869999999999,-204.63800000000003,0.035,8,8
2013-12-30,11954.823,982.682,0.0625,8,8
2013-12-31,8400.2105,3345.052,0.025,4,4
2014-01-01,2211.1200000000003,156.973,0.044,5,5
2014-01-02,13370.470000000001,342.34999999999997,0.05800000000000001,5,5
2014-01-03,4612.8315,1255.979,0.0325,4,4
2014-01-04,22396.660499999998,5732.0744,0.060000000000000005,11,11
2014-01-05,1029.47,-8.120000000000005,0.01,2,2
2014-01-06,21138.149999999998,2490.8534,0.05285714285714286,7,7
2014-01-07,5636.652499999999,-1672.096,0.03,3,3
2014-01-08,7416.273,869.9259999999999,0.045000000000000005,6,6
2014-01-09,21791.14,384.0190000000002,0.047,10,10
2014-01-10,38919.09099999999,-529.5260000000001,0.06357142857142857,14,14
2014-01-11,18585.35,3049.9639999999995,0.04,10,10
2014-01-13,4170.2275,266.645,0.043333333333333335,3,3
2014-01-14,5428.49,-1046.78,0.05,1,1
2014-01-15,7960.33,307.156,0.06,4,4
2014-01-16,227.46,-27.939999999999998,0.025,2,2
2014-01-17,729.87,-80.91,0.055,4,4
2014-01-18,7227.7715,566.243,0.023333333333333334,3,3
2014-01-19,3227.384,-825.8219999999999,0.03666666666666667,6,6
2014-01-20,1057.41,-292.64,0.043333333333333335,3,3
2014-01-21,2055.86,-433.4975,0.049999999999999996,4,4
2014-01-22,6161.450000000001,755.4875,0.0642857142857143,7,7
2014-01-23,396.15,-10.98,0.05,1,1
2014-01-24,1788.6399999999999,309.63500000000005,0.041666666666666664,6,6
2014-01-25,5433.44,-148.2217,0.05333333333333334,3,3
2014-01-26,11824.59,-650.153,0.032,5,5
2014-01-27,15201.905,2825.464,0.03125,8,8
2014-01-28,12707.65,3219.69,0.07,4,4
2014-01-29,3598.0015,-585.7819999999999,0.06333333333333334,6,6
2014-01-30,71.2,1.87,0.08,1,1
2014-01-31,5092.1900000000005,1482.71,0.06333333333333334,6,6
2014-02-01,5070.069,787.502,0.05800000000000001,5,5
2014-02-02,10396.326000000001,1417.6156,0.052500000000000005,8,8
2014-02-03,6673.6900000000005,140.21999999999997,0.06166666666666667,6,6
2014-02-04,7545.7685,617.166,0.0875,4,4
2014-02-05,43550.0985,5460.930300000001,0.053000000000000005,10,10
2014-02-06,33944.231999999996,-5553.262688,0.04666666666666666,15,15
2014-02-07,11906.021,-1252.9455000000003,0.052500000000000005,8,8
2014-02-08,694.8,-374.32899999999995,0.04,3,3
2014-02-09,2386.5815000000002,-193.01,0.049999999999999996,2,2
2014-02-10,8933.0655,-1023.6850000000001,0.035,8,8
2014-02-11,19697.109999999997,4799.92,0.028000000000000004,5,5
2014-02-12,6483.5199999999995,-169.22586600000002,0.0425,4,4
2014-02-13,16380.967,-3112.525,0.04181818181818182,11,11
2014-02-14,10619.492,284.22776799999997,0.04272727272727273,11,11
2014-02-15,16655.87,1735.551,0.04833333333333334,6,6
2014-02-16,1428.12,294.82,0.052000000000000005,5,5
2014-02-17,1238.87,-366.7192,0.04666666666666667,3,3
2014-02-18,26329.15,8555.84,0.0325,4,4
2014-02-19,8219.27,954.7745,0.0475,4,4
2014-02-20,15306.9605,-139.4919999999999,0.0475,8,8
2014-02-21,4260.7880000000005,-895.893,0.03833333333333333,6,6
2014-02-22,4610.58,1144.05,0.066,5,5
2014-02-23,353.62,140.148,0.01,1,1
2014-02-24,17538.688000000002,3955.447,0.05700000000000001,10,10
2014-02-25,8412.5,743.0200000000001,0.056666666666666664,3,3
2014-02-26,9109.54,2539.7445,0.048,10,10
2014-02-27,1942.1735,400.824,0.0,1,1
2014-02-28,202.26999999999998,-41.7965,0.0625,4,4
2014-03-01,5223.534,1027.7730000000001,0.051666666666666666,6,6
2014-03-02,9281.785,1954.762,0.06000000000000001,5,5
2014-03-03,1911.9845,211.43699999999998,0.03,4,4
2014-03-04,18836.9,-1833.3335,0.06555555555555555,9,9
2014-03-05,27335.405499999997,6406.592900000001,0.049999999999999996,7,7
2014-03-07,9979.506,767.6700000000001,0.049999999999999996,6,6
2014-03-08,1790.81,-296.53499999999997,0.03625,8,8
2014-03-09,696.8199999999999,-317.4295,0.07500000000000001,2,2
2014-03-10,20168.4735,3865.6375,0.04818181818181819,11,10
2014-03-11,3112.8999999999996,-1221.09,0.08333333333333333,3,3
2014-03-12,11659.0,3025.242,0.06571428571428571,7,7
2014-03-13,8754.9345,936.4145000000001,0.06,5,5
2014-03-14,269.3,22.38,0.04,1,1
2014-03-15,46997.1005,15020.3575,0.06333333333333334,12,12
2014-03-16,2325.76,385.29200000000003,0.038,5,5
2014-03-17,11584.07,321.05099999999993,0.06285714285714286,7,7
2014-03-18,25587.513,-5623.692000000001,0.03888888888888889,9,9
2014-03-19,7742.996999999999,1916.4769999999999,0.043333333333333335,3,3
2014-03-20,23790.649999999998,9628.190999999999,0.08,5,5
2014-03-21,4338.7625,-1362.4269999999997,0.0575,4,4
2014-03-22,2390.036,192.36600000000004,0.024999999999999998,4,4
2014-03-23,743.62,-168.612,0.0475,4,4
2014-03-24,3370.04,-950.826,0.04,5,5
2014-03-25,1214.02,172.51000000000002,0.05333333333333334,3,3
2014-03-26,35904.8825,6962.579000000001,0.06333333333333334,9,9
2014-03-27,258.26,-252.288,0.07500000000000001,2,2
2014-03-28,1629.8899999999999,-37.2765,0.06,3,3
2014-03-29,3674.5999999999995,910.7805,0.08,2,2
2014-03-30,5319.0765,1651.755,0.03666666666666667,3,3
2014-03-31,143.24,-72.1995,0.035,2,2
2014-04-01,3114.62,946.24,0.0425,4,4
2014-04-02,1552.3600000000001,-594.979,0.0425,8,8
2014-04-03,9044.789,777.7655,0.05666666666666667,6,6
2014-04-04,7479.1245,-17.422999999999774,0.05333333333333334,3,3
2014-04-05,15207.7385,4479.155,0.051666666666666666,6,6
2014-04-06,2676.86,-672.2,0.049999999999999996,3,3
2014-04-07,1076.24,-67.83999999999999,0.02,2,2
2014-04-08,20403.7775,4563.3733,0.030833333333333334,12,12
2014-04-09,8848.675,774.6020000000001,0.05500000000000001,10,10
2014-04-10,10358.599999999999,206.68850000000018,0.04,8,8
2014-04-11,19888.839500000002,2679.845,0.05153846153846154,13,13
2014-04-12,1490.3709999999999,-450.866,0.056666666666666664,3,3
2014-04-13,10761.640000000001,1446.933,0.048,5,5
2014-04-14,5977.63,-86.68,0.1,1,1
2014-04-15,14629.19,1380.65,0.038571428571428576,7,7
2014-04-16,9217.7725,1675.7665,0.07833333333333332,6,6
2014-04-17,9918.1375,1505.786,0.03571428571428571,7,7
2014-04-18,2207.38,-69.30749999999999,0.04833333333333334,6,6
2014-04-19,885.12,-368.22,0.08333333333333333,3,3
2014-04-20,14866.396,1146.426,0.046,10,10
2014-04-21,12439.0,989.74,0.0575,4,4
2014-04-22,16657.5585,3933.598,0.03875,8,8
2014-04-23,2123.84,-213.76999999999998,0.060000000000000005,4,4
2014-04-24,7150.639999999999,1106.83,0.08,2,2
2014-04-25,6295.009999999999,29.209999999999994,0.06166666666666667,6,6
2014-04-26,400.25,-37.5,0.02,1,1
2014-04-28,5651.961,-1834.3300000000002,0.05833333333333334,6,6
2014-04-29,35944.835999999996,4624.16,0.05625,8,8
2014-04-30,31945.0405,8252.5815,0.060000000000000005,7,7
2014-05-01,15186.029999999999,-975.3265,0.042222222222222223,9,9
2014-05-02,23104.131,5707.263,0.0642857142857143,7,7
2014-05-03,7407.9325,290.9205,0.05454545454545454,11,11
2014-05-04,10165.072999999999,-2086.9192,0.05666666666666667,9,9
2014-05-05,9384.3115,1676.7305000000001,0.04666666666666667,6,6
2014-05-06,8302.988,1861.4889999999998,0.044,5,5
2014-05-07,3909.73,238.73999999999998,0.056666666666666664,6,6
2014-05-08,10439.088500000002,2574.282,0.04,7,7
2014-05-09,5104.36,40.45829999999998,0.052500000000000005,4,4
2014-05-10,453.03999999999996,-172.64,0.034999999999999996,2,2
2014-05-11,7958.237,321.283,0.05000000000000001,3,3
2014-05-12,13659.960000000001,367.1699999999999,0.06666666666666667,6,6
2014-05-13,305.51,-144.14000000000001,0.075,2,2
2014-05-14,11880.16,-598.505366,0.046,5,5
2014-05-15,1905.12,350.2555,0.06,3,3
2014-05-16,2199.7205000000004,444.311,0.030000000000000002,2,2
2014-05-17,7388.4375,814.8575000000001,0.0625,8,8
2014-05-18,872.6599999999999,-223.947,0.06666666666666667,3,3
2014-05-19,3254.6195,-32.71,0.03142857142857143,7,7
2014-05-20,13112.5435,911.2355000000001,0.04307692307692308,13,13
2014-05-21,14524.168000000001,1245.401,0.026000000000000002,10,9
2014-05-22,31395.4545,4645.8267,0.053750000000000006,8,8
2014-05-23,7945.54,1280.7925,0.046,5,5
2014-05-24,1442.9099999999999,-19.639999999999993,0.041999999999999996,5,5
2014-05-25,35422.917499999996,7139.103999999999,0.06571428571428571,7,7
2014-05-26,1591.51,232.152,0.0575,4,4
2014-05-27,4039.0475,-468.137,0.065,8,8
2014-05-28,1684.35,-541.32,0.03428571428571429,7,7
2014-05-30,3096.526,1206.528,0.04,3,3
2014-05-31,5492.42,-500.2939999999999,0.04888888888888889,9,9
2014-06-01,15809.64,2809.0710000000004,0.054285714285714284,7,7
2014-06-02,5829.4375,-2121.011,0.045,4,4
2014-06-03,6881.04,1213.9925999999998,0.0475,8,8
2014-06-04,74.05,44.54,0.02,1,1
2014-06-05,9163.367,2167.064,0.036,5,5
2014-06-06,1347.0500000000002,-76.54,0.045,4,4
2014-06-07,5362.6615,166.067,0.06625,8,8
2014-06-08,4458.09,1034.3700000000001,0.06333333333333334,6,6
2014-06-09,7936.0335,1533.4175,0.05833333333333334,6,6
2014-06-10,11212.7695,606.1245,0.046,10,10
2014-06-11,1968.97,-220.73299999999998,0.049999999999999996,6,6
2014-06-12,2441.14,-333.2935,0.04,4,4
2014-06-13,11224.42,1013.54,0.07,3,3
2014-06-14,6397.139999999999,-50.539499999999975,0.03375,8,8
2014-06-15,148.35999999999999,-53.965500000000006,0.049999999999999996,2,2
2014-06-16,1071.88,-226.04999999999998,0.07857142857142858,7,7
2014-06-17,9214.448,-550.6955,0.041428571428571426,7,7
2014-06-18,1106.51,237.39,0.0525,4,4
2014-06-19,1164.713,-526.092,0.0675,4,4
2014-06-20,7125.2390000000005,1679.6750000000002,0.022,5,5
2014-06-21,1398.7,144.95,0.0475,4,4
2014-06-22,30388.902000000002,5020.9635,0.05142857142857143,14,14
2014-06-23,4082.59,424.23,0.05600000000000001,5,5
2014-06-24,16205.170000000002,4256.07,0.045,4,4
2014-06-25,5052.4175,315.6105,0.064,5,5
2014-06-26,1798.2920000000001,-396.02,0.055,2,2
2014-06-27,4834.2,437.44,0.05333333333333334,3,3
2014-06-28,10113.03,-2398.46,0.05666666666666667,6,6
2014-06-29,6796.8775,1099.8245,0.056666666666666664,6,6
2014-06-30,7133.7074999999995,227.54099999999994,0.051666666666666666,6,6
2014-07-01,11328.038,1548.8700000000001,0.026000000000000002,5,5
2014-07-02,12030.570000000002,-4527.09,0.05285714285714286,7,7
2014-07-03,36281.059,13928.1885,0.05800000000000001,10,10
2014-07-04,5244.6565,-474.612,0.04,8,8
2014-07-05,20381.34,1314.59,0.05714285714285715,7,7
2014-07-06,30330.08,11732.45,0.028000000000000004,5,5
2014-07-07,10871.07,-8111.0643,0.08,5,5
2014-07-08,194.76,-74.1675,0.07500000000000001,2,2
2014-07-10,18242.116,3549.6415,0.05625,8,8
2014-07-11,403.17,147.4495,0.02,1,1
2014-07-12,3047.33,209.25000000000003,0.05,10,10
2014-07-13,2000.08,480.9050000000001,0.068,5,5
2014-07-14,2612.78,-294.58205,0.045000000000000005,6,6
2014-07-15,14613.0635,155.6508,0.05888888888888889,9,9
2014-07-16,4112.7515,36.413999999999994,0.034,5,5
2014-07-17,460.71,-231.95,0.02,1,1
2014-07-18,12780.787499999999,591.778,0.04875,8,8
2014-07-19,5000.97,-1781.61,0.035,4,4
2014-07-20,20.19,1.25,0.02,1,1
2014-07-21,25201.47,7598.8895,0.055,6,6
2014-07-22,7411.7825,-337.119,0.04833333333333333,6,6
2014-07-23,7091.870000000001,655.0799999999999,0.0525,8,8
2014-07-24,8344.782,1871.5,0.05,5,5
2014-07-25,14113.560000000001,2853.3050000000003,0.05,10,10
2014-07-26,3670.88,564.38,0.05333333333333334,3,3
2014-07-27,11033.11,1333.95,0.05800000000000001,10,10
2014-07-28,3241.54,152.54999999999998,0.0425,4,4
2014-07-29,5059.900000000001,1987.5985,0.06333333333333334,3,3
2014-07-30,11721.080000000002,1955.2825,0.066,5,5
2014-07-31,1059.69,67.09,0.045,4,4
2014-08-01,5423.73,-611.6360000000001,0.04,2,2
2014-08-02,10085.230000000001,1881.17,0.035,4,4
2014-08-03,2209.12,-312.29999999999995,0.046,5,5
2014-08-04,9288.2995,-892.9068,0.06,4,4
2014-08-05,7836.950000000001,1569.073,0.06666666666666667,3,3
2014-08-06,5604.43,-549.783125,0.08,3,3
2014-08-07,10195.529999999999,2329.2735000000002,0.05666666666666667,6,6
2014-08-08,6394.83,1350.7585,0.055714285714285716,7,7
2014-08-09,1398.7600000000002,-32.796099999999996,0.036666666666666674,6,6
2014-08-10,17658.77,4370.662499999999,0.05,7,7
2014-08-11,8178.132,383.916,0.041666666666666664,6,6
2014-08-12,21106.717,1521.818,0.03,3,3
2014-08-13,847.4000000000001,35.64999999999999,0.05666666666666667,3,3
2014-08-14,12383.869999999999,-4067.2403950000003,0.07,5,5
2014-08-15,4955.82,-1086.45,0.043333333333333335,3,3
2014-08-16,17823.28,3100.2999999999997,0.033999999999999996,5,5
2014-08-17,11442.53,-662.979157,0.054285714285714284,7,7
2014-08-18,3254.6205,655.745,0.03666666666666667,3,3
2014-08-19,1637.52,60.66999999999999,0.07,4,3
2014-08-20,2548.5205,-431.69570000000004,0.051111111111111114,9,9
2014-08-21,13493.498,779.8827679999999,0.051818181818181826,11,11
2014-08-22,13698.15,1376.39,0.055,2,2
2014-08-23,20224.411,4691.324,0.05285714285714286,7,7
2014-08-24,9597.1675,546.0149999999999,0.06,3,3
2014-08-25,18192.1385,3999.074,0.046,10,10
2014-08-26,12773.548,1029.558794,0.034,5,5
2014-08-28,1922.6100000000001,-484.974,0.036,5,5
2014-08-30,2210.1165,9.429999999999993,0.0625,4,4
2014-08-31,22192.7805,3820.964,0.0375,8,8
2014-09-01,522.132,-143.995,0.07,2,2
2014-09-02,12844.372000000001,-735.0225,0.04833333333333334,6,6
2014-09-03,10933.8995,1866.738,0.04888888888888889,9,9
2014-09-04,47578.009999999995,14176.676,0.05,8,8
2014-09-05,13347.93,4033.8,0.05,4,4
2014-09-06,994.3534999999999,-91.155,0.030000000000000002,4,4
2014-09-07,1481.3485,-288.5215,0.06166666666666667,6,6
2014-09-08,8906.789999999999,-845.38,0.05285714285714286,7,7
2014-09-09,24960.024500000003,-965.0703660000001,0.07333333333333333,3,3
2014-09-10,2785.95,227.82799999999997,0.0642857142857143,7,7
2014-09-11,7174.686,1590.2905,0.041666666666666664,6,6
2014-09-12,7986.1140000000005,1657.812,0.049,10,10
2014-09-13,5582.8615,-395.726,0.055,4,4
2014-09-14,5773.69,-2893.6479,0.03,2,2
2014-09-15,13961.889500000001,-2989.84735,0.054000000000000006,20,20
2014-09-16,642.1,41.56,0.0,1,1
2014-09-17,789.94,-190.41,0.1,1,1
2014-09-18,5340.5,1215.28,0.01,1,1
2014-09-19,13838.1845,2713.3482,0.0575,8,7
2014-09-20,206.68,-156.47,0.0,1,1
2014-09-21,21046.74,5217.267,0.04,1,1
2014-09-22,18906.242000000002,1961.7300000000002,0.065,10,10
2014-09-23,2567.3799999999997,122.39999999999998,0.049999999999999996,7,7
2014-09-24,9000.6,-411.01,0.0275,8,8
2014-09-25,15417.3515,3260.265,0.049999999999999996,4,4
2014-09-26,1696.78,323.10999999999996,0.045,4,4
2014-09-27,7057.3845,1521.4555,0.06,3,3
2014-09-28,8416.8855,2748.457,0.046,5,5
2014-09-29,3117.23,225.839,0.08571428571428573,7,7
2014-09-30,3171.747,300.394,0.06666666666666667,3,3
2014-10-01,10335.2835,-303.361688,0.06333333333333334,6,6
2014-10-02,24200.74,4588.91,0.051250000000000004,8,8
2014-10-03,32655.021,748.3215,0.03666666666666667,12,12
2014-10-04,1266.3215,-85.56799999999998,0.05800000000000001,5,5
2014-10-05,1325.56,120.00999999999999,0.05500000000000001,4,4
2014-10-06,12798.128499999999,2296.848,0.046,5,5
2014-10-07,4748.75,970.769,0.044,5,5
2014-10-08,2123.3945000000003,192.066,0.045,4,4
2014-10-09,7522.0,1513.629,0.04583333333333334,12,12
2014-10-10,3145.767,-471.688,0.03142857142857143,7,7
2014-10-11,11665.19,3739.27,0.043333333333333335,3,3
2014-10-12,3010.88,277.69,0.066,5,5
2014-10-13,630.63,104.14099999999999,0.055,2,2
2014-10-14,212.25,-9.84,0.08,2,2
2014-10-15,22613.700000000004,5425.7195,0.06,3,3
2014-10-16,13255.1555,2453.755,0.03,4,4
2014-10-17,10361.099999999999,2113.4255000000003,0.06333333333333334,3,3
2014-10-18,15367.84,5268.3769999999995,0.032,5,5
2014-10-19,37561.0,7898.197000000001,0.038,5,5
2014-10-20,12603.103500000001,361.21384300000005,0.04307692307692308,13,13
2014-10-21,8716.557999999999,1643.8099999999997,0.0675,4,4
2014-10-22,4980.3055,228.3662999999999,0.05833333333333334,6,6
2014-10-23,1102.28,389.61,0.03,1,1
2014-10-24,6609.219999999999,-294.189878,0.034999999999999996,2,2
2014-10-25,19248.2015,1569.0215799999999,0.07333333333333335,6,6
2014-10-26,1278.85,-162.639,0.065,6,6
2014-10-27,208.6,-56.45,0.0,1,1
2014-10-28,9399.68,1547.7153,0.051111111111111114,9,9
2014-10-29,12027.297999999999,3531.712,0.05666666666666667,6,6
2014-10-30,2686.333,371.846,0.065,6,6
2014-10-31,12001.31,3083.42,0.036250000000000004,8,8
2014-11-01,16611.930500000002,2617.9089999999997,0.05800000000000001,10,10
2014-11-02,11461.9955,984.314,0.06000000000000001,5,5
2014-11-03,4305.11,458.0679,0.043333333333333335,3,3
2014-11-05,17131.1855,4370.8162,0.06799999999999999,5,5
2014-11-06,4882.1915,5.14864,0.07666666666666667,3,3
2014-11-07,23327.14,9752.230000000001,0.055,6,6
2014-11-08,10382.5355,1164.4735,0.06666666666666667,6,6
2014-11-09,1486.6100000000001,-252.56,0.04,4,4
2014-11-10,15743.049,-481.5770000000001,0.0575,12,12
2014-11-11,6109.45,-134.929293,0.02,3,3
2014-11-12,16166.6425,1742.7314,0.04375,8,8
2014-11-13,15413.735499999999,-1077.781366,0.030000000000000002,3,3
2014-11-14,247.91,-47.23,0.08,2,2
2014-11-15,16812.334000000003,2740.5159999999996,0.07,4,4
2014-11-16,22281.5915,-527.437,0.0425,12,12
2014-11-17,6253.4185,-89.718,0.08,4,4
2014-11-18,17387.975000000002,1097.58,0.059166666666666666,12,12
2014-11-19,62714.1195,15192.1571,0.05941176470588235,17,17
2014-11-20,2206.97,998.9699999999999,0.09,2,2
2014-11-21,1525.84,-389.6655,0.05,4,4
2014-11-22,20227.870000000003,-793.5656999999999,0.0325,8,8
2014-11-23,68.66,-29.6,0.06,1,1
2014-11-24,1584.42,287.56,0.05,2,2
2014-11-25,27902.320000000003,9570.489000000001,0.05500000000000001,4,4
2014-11-26,9009.65,-569.6465000000001,0.0525,8,8
2014-11-27,21998.679999999997,-12034.3454,0.035,6,6
2014-11-28,930.98,-260.51,0.057999999999999996,5,5
2014-11-29,11125.94,4403.728,0.05,5,5
2014-11-30,2469.242,861.8695,0.052500000000000005,4,4
2014-12-01,6446.23,405.97650000000016,0.07142857142857142,7,7
2014-12-02,9241.1055,-291.92230000000006,0.051666666666666666,6,6
2014-12-03,2753.9355,-515.5635,0.024,5,5
2014-12-04,8963.0075,2291.135,0.066,5,5
2014-12-05,1964.8999999999999,130.7135,0.038,5,5
2014-12-06,6031.6855,518.884,0.055,4,4
2014-12-07,40211.3515,9003.905,0.05615384615384615,13,13
2014-12-08,4842.5945,1144.8519,0.051666666666666666,6,6
2014-12-09,3080.4055,372.19,0.06333333333333334,6,6
2014-12-10,24391.188000000002,-323.3899999999999,0.033999999999999996,10,10
2014-12-11,20386.27,5937.96,0.041428571428571426,7,7
2014-12-12,450.99,-91.07,0.03,2,2
2014-12-13,11997.89,2202.7200000000003,0.04666666666666667,3,3
2014-12-14,11885.62,1420.4805,0.04,3,3
2014-12-15,2270.54,-1042.4,0.04,2,2
2014-12-16,16213.0235,375.4519999999999,0.045000000000000005,8,8
2014-12-17,13667.2195,1501.9645000000003,0.04461538461538462,13,13
2014-12-18,21694.945,4137.9365,0.05285714285714286,14,14
2014-12-19,9667.34,859.18085,0.07250000000000001,4,4
2014-12-20,8448.695,-142.23705,0.06777777777777778,9,9
2014-12-21,30228.17,2348.1854999999996,0.065,6,6
2014-12-22,7339.692,-496.021143,0.048,5,5
2014-12-24,8827.35,2621.3545,0.037142857142857144,7,7
2014-12-25,11630.978000000001,-1693.930395,0.05,7,7
2014-12-26,682.5664999999999,-692.187,0.06,2,2
2014-12-27,2223.31,351.78000000000003,0.05,2,2
2014-12-28,980.07,337.25,0.09,1,1
2014-12-29,7482.6475,777.125857,0.049999999999999996,7,7
2014-12-30,21490.97,3317.124,0.06181818181818182,11,11
2014-12-31,13382.624,2726.676,0.03166666666666667,6,6
2015-01-01,2542.6800000000003,294.74,0.055,2,2
2015-01-02,7797.610000000001,1831.58,0.06333333333333334,3,3
2015-01-03,17226.585,-1252.7305999999999,0.06625,8,8
2015-01-04,20017.1,1219.1986000000002,0.044444444444444446,9,9
2015-01-05,14283.591,54.977499999999964,0.06714285714285714,14,14
2015-01-06,21104.21,4403.79,0.045000000000000005,4,4
2015-01-07,402.71000000000004,-212.454,0.013333333333333334,3,3
2015-01-08,6717.314,-1856.289,0.04727272727272727,11,11
2015-01-09,1729.6815000000001,-186.51999999999998,0.05,4,4
2015-01-10,25854.32,-543.188,0.038,5,5
2015-01-11,18720.57,1384.5927,0.04875,8,8
2015-01-12,8098.58,941.143,0.04777777777777778,9,9
2015-01-13,31573.186,7637.643,0.05857142857142857,7,7
2015-01-14,17605.77,-370.04,0.01,1,1
2015-01-15,2092.13,599.58,0.06666666666666667,3,3
2015-01-16,5317.62,1339.2839999999999,0.04142857142857143,7,7
2015-01-18,12514.9215,973.9150000000001,0.06166666666666667,6,6
2015-01-19,31989.167999999998,5459.402,0.051000000000000004,10,10
2015-01-20,26731.3335,8170.776999999999,0.046,5,4
2015-01-21,3159.8019999999997,999.712,0.04,3,3
2015-01-22,2225.06,193.0197,0.05600000000000001,5,5
2015-01-23,4068.7405,662.6345,0.041999999999999996,5,5
2015-01-24,25212.59,7060.9,0.04666666666666667,6,5
2015-01-25,890.84,60.085999999999984,0.07666666666666667,3,3
2015-01-26,1488.17,-856.8643,0.046,5,5
2015-01-27,11926.614,2941.8365,0.04375,8,8
2015-01-28,4815.2495,541.255,0.01,4,4
2015-01-29,80.6,-4.2,0.04,1,1
2015-01-30,11920.3105,2124.723,0.06777777777777777,9,9
2015-01-31,2519.45,-299.99,0.046,5,5
2015-02-01,26744.2655,1620.8365,0.06666666666666667,6,6
2015-02-02,5199.34,1162.331,0.041666666666666664,6,6
2015-02-04,1259.78,317.218,0.035,2,2
2015-02-05,7073.088,-2974.2027,0.03666666666666667,6,6
2015-02-06,14552.3185,1877.8095,0.046,5,5
2015-02-07,4922.321,374.862,0.06125,8,8
2015-02-08,15147.414,3520.5045,0.0425,8,8
2015-02-09,10937.299,-1272.085509,0.048,5,5
2015-02-10,2519.158,-106.78299999999999,0.046,5,5
2015-02-11,16159.594500000001,-3270.8205,0.053000000000000005,10,10
2015-02-12,4705.234,303.2670000000001,0.051666666666666666,6,6
2015-02-13,2421.54,-860.629,0.0475,4,4
2015-02-14,12455.665,970.9894999999999,0.0625,8,8
2015-02-15,19372.6475,879.0378120000001,0.03428571428571429,7,7
2015-02-16,5298.602,1300.136,0.01,6,6
2015-02-17,33327.846,9070.172,0.027000000000000003,10,10
2015-02-18,6625.1025,-587.9880499999999,0.04875,8,8
2015-02-19,3120.71,556.99,0.06,7,7
2015-02-20,6.93,-4.64,0.01,1,1
2015-02-21,271.27,71.31,0.05,1,1
2015-02-23,28459.07,3402.9349999999995,0.04666666666666667,12,12
2015-02-24,8019.362,2186.96,0.02,3,3
2015-02-25,2409.424,50.95,0.1,1,1
2015-02-26,1407.58,154.79000000000002,0.04,5,5
2015-02-27,43063.3075,6450.782857,0.04888888888888889,9,9
2015-02-28,653.63,-36.324999999999996,0.07666666666666667,3,3
2015-03-01,2923.12,678.0699999999999,0.044000000000000004,5,5
2015-03-02,43609.0065,13157.3905,0.03666666666666667,9,9
2015-03-03,12942.752,1147.005,0.053076923076923084,13,13
2015-03-04,5707.6645,869.68,0.05285714285714286,7,7
2015-03-05,20468.510000000002,7766.08,0.041999999999999996,5,5
2015-03-06,3786.8035,-911.556,0.060000000000000005,4,4
2015-03-07,2830.7740000000003,-3.8319999999999936,0.045000000000000005,6,6
2015-03-08,5337.79,-626.11,0.04,4,4
2015-03-09,3135.503,-820.865,0.072,5,5
2015-03-10,13786.359499999999,3049.151,0.058750000000000004,8,8
2015-03-11,20047.3,-2654.0938,0.05,5,5
2015-03-12,17665.8735,5394.674999999999,0.076,5,5
2015-03-13,8364.497,461.476,0.065,4,4
2015-03-14,10694.109999999999,-141.01755000000014,0.038,5,5
2015-03-15,3523.38,119.6395,0.04777777777777778,9,9
2015-03-16,1297.25,-125.87700000000001,0.037500000000000006,4,4
2015-03-17,11696.93,389.9055,0.06999999999999999,7,7
2015-03-18,2926.0855,-38.05000000000001,0.09333333333333334,3,3
2015-03-19,14279.795499999998,1561.088,0.049999999999999996,6,6
2015-03-20,3062.1705,504.0464999999999,0.018,5,5
2015-03-21,5477.329000000001,1030.077,0.04666666666666667,3,3
2015-03-22,1346.78,95.0095,0.016666666666666666,3,3
2015-03-23,30755.597999999998,-38.67690000000039,0.04533333333333334,15,15
2015-03-24,14862.52,5168.1715,0.07555555555555556,9,9
2015-03-25,710.86,196.22,0.04,1,1
2015-03-26,1764.3194999999998,-401.312,0.064,5,5
2015-03-27,11085.93,267.3090000000001,0.057999999999999996,5,5
2015-03-28,39303.319,3748.9475,0.0385,20,20
2015-03-29,5770.088,-143.51149999999998,0.06166666666666667,6,6
2015-03-30,24833.2365,-1844.3770000000002,0.08142857142857143,7,7
2015-03-31,4212.67,-218.5376,0.045,4,4
2015-04-01,2965.25,501.59900000000005,0.054000000000000006,5,5
2015-04-02,565.01,-10.33,0.1,1,1
2015-04-03,17945.55,1235.7955,0.064,5,5
2015-04-04,1754.6599999999999,-503.356,0.055,6,6
2015-04-05,1328.01,-81.05050000000001,0.066,5,5
2015-04-06,23599.25,6567.7300000000005,0.04,5,5
2015-04-07,5990.041,1402.732,0.05,4,4
2015-04-08,7377.96,507.7699999999999,0.06,3,3
2015-04-09,10333.7085,-974.370899,0.04454545454545455,11,11
2015-04-10,4733.875,968.1650500000001,0.028000000000000004,5,5
2015-04-11,15488.1495,-3814.0405,0.03571428571428571,7,7
2015-04-12,14128.17,5017.2925,0.051666666666666666,6,6
2015-04-13,30965.2425,6102.7429999999995,0.05285714285714286,14,14
2015-04-14,13196.853500000001,-1394.548366,0.05444444444444444,9,9
2015-04-15,7711.647500000001,1321.105,0.042222222222222223,9,9
2015-04-16,585.14,136.11,0.04666666666666667,3,3
2015-04-17,8473.137999999999,1510.6045,0.054285714285714284,7,7
2015-04-18,13820.5,-280.9098000000001,0.041428571428571426,7,7
2015-04-20,1141.9,175.32,0.02,1,1
2015-04-21,8285.045,1140.151,0.05,5,5
2015-04-22,7843.4039999999995,-328.18809500000003,0.049999999999999996,7,7
2015-04-23,14663.6795,3784.4795,0.05833333333333333,6,6
2015-04-24,7197.190500000001,1577.659,0.038571428571428576,7,7
2015-04-25,5197.558,698.92085,0.05666666666666667,12,12
2015-04-26,5679.8485,147.706,0.0625,4,4
2015-04-27,11315.5775,2558.914,0.049090909090909095,11,10
2015-04-28,10660.67,1524.381,0.051666666666666666,6,6
2015-04-29,12265.7615,2350.784,0.05,9,9
2015-04-30,2812.18,-482.13,0.01,2,2
2015-05-01,9992.48,-216.18000000000006,0.01,2,2
2015-05-02,6628.6155,1469.0165000000002,0.03166666666666667,6,6
2015-05-03,6189.9675,-255.033,0.06333333333333334,6,6
2015-05-04,31219.538,5194.672499999999,0.04,8,8
2015-05-05,20709.13,527.9800000000001,0.061111111111111116,9,9
2015-05-06,33442.7155,2428.3810000000003,0.049090909090909095,11,11
2015-05-07,5717.241999999999,-6.0984000000000265,0.037,10,10
2015-05-08,6700.696000000001,254.9295,0.05600000000000001,5,5
2015-05-09,2613.5115,-398.2885,0.05833333333333333,6,6
2015-05-10,11152.376,1338.58,0.05500000000000001,10,10
2015-05-11,5280.545999999999,-1323.632,0.06,6,6
2015-05-12,13795.153999999999,746.39685,0.06142857142857143,14,14
2015-05-13,29653.6435,4323.4619999999995,0.06076923076923077,13,13
2015-05-14,2309.96,368.39000000000004,0.05333333333333334,3,3
2015-05-16,324.61,-72.60999999999999,0.05,2,2
2015-05-17,6733.719,1870.3509999999999,0.052000000000000005,10,10
2015-05-18,6734.94,896.65,0.024,5,5
2015-05-19,5396.700000000001,-2363.48,0.013333333333333334,3,3
2015-05-20,10311.38,2585.073,0.051250000000000004,8,8
2015-05-21,49046.809499999996,5097.1065,0.07555555555555556,9,9
2015-05-22,4856.27,-845.1705,0.030000000000000002,6,6
2015-05-23,6480.790000000001,640.75,0.055999999999999994,5,5
2015-05-24,1137.6,181.81350000000003,0.05333333333333334,3,3
2015-05-25,22082.066,1038.5926339999999,0.057272727272727274,11,11
2015-05-26,27534.072500000002,5321.7164999999995,0.06090909090909091,11,11
2015-05-27,7679.04,-165.273,0.045,4,4
2015-05-28,7662.3845,861.1479000000002,0.07333333333333333,6,6
2015-05-29,5538.856,2.308999999999969,0.042499999999999996,8,8
2015-05-30,7204.9995,-347.53900000000004,0.05333333333333334,6,6
2015-05-31,30458.249,217.44242000000008,0.04857142857142858,7,7
2015-06-01,11127.05,57.92799999999997,0.05142857142857143,7,7
2015-06-02,32117.716,7062.695,0.050833333333333335,12,12
2015-06-03,2131.73,365.651,0.07500000000000001,2,2
2015-06-04,709.96,251.201,0.065,2,2
2015-06-05,24217.845,3018.02,0.0575,4,4
2015-06-06,669.03,-221.82,0.04,3,3
2015-06-07,6479.755,914.218,0.0625,8,8
2015-06-08,11789.602,1005.4249999999998,0.039,10,10
2015-06-09,473.03,26.27,0.09,1,1
2015-06-10,1099.97,-517.0985,0.051666666666666666,6,6
2015-06-11,9415.0045,1537.068,0.065,8,8
2015-06-12,6681.56,400.97800000000007,0.05000000000000001,6,6
2015-06-13,20254.1045,384.58900000000017,0.03428571428571429,7,7
2015-06-14,10471.5335,1518.9560000000001,0.0375,4,4
2015-06-15,3229.46,-289.59000000000003,0.0425,4,4
2015-06-16,5606.089999999999,418.96000000000004,0.036666666666666674,3,3
2015-06-17,5530.030000000001,450.88,0.075,2,2
2015-06-18,4934.44,-674.7755,0.05666666666666667,6,6
2015-06-19,16254.8235,-474.72300000000007,0.05888888888888889,9,9
2015-06-20,14263.4335,2343.18,0.026000000000000002,5,5
2015-06-22,1635.51,-173.75,0.08499999999999999,2,2
2015-06-23,1117.63,99.35000000000001,0.045,2,2
2015-06-24,3441.35,-673.7887,0.05,4,4
2015-06-25,4419.3,76.66,0.06,3,3
2015-06-26,5886.62,1816.6465,0.018333333333333333,6,6
2015-06-27,10247.167000000001,59.62600000000003,0.04,8,8
2015-06-28,30121.4815,3918.3565000000003,0.05666666666666667,6,6
2015-06-29,31882.7795,7660.239,0.06,10,10
2015-06-30,372.93,92.9225,0.02,2,2
2015-07-01,129.16,-56.15,0.07,1,1
2015-07-02,13108.562,708.868,0.04888888888888889,9,9
2015-07-03,11315.189,3436.61,0.03,6,6
2015-07-05,387.73,-247.9295,0.02,3,3
2015-07-06,342.97,-131.63,0.09,1,1
2015-07-07,1607.7425,-61.54050000000001,0.0625,4,4
2015-07-08,12127.25,1032.5299999999997,0.036,5,5
2015-07-09,13918.966999999999,2073.194,0.04928571428571428,14,14
2015-07-10,6914.93,-107.47749999999996,0.04,7,7
2015-07-11,2122.86,-439.58,0.028333333333333332,6,6
2015-07-12,2039.5300000000002,-1422.3039999999999,0.038571428571428576,7,7
2015-07-13,30068.8005,8002.782,0.04428571428571428,7,7
2015-07-14,6038.49,2334.745,0.06,3,3
2015-07-15,2014.1699999999998,261.34,0.025,4,4
2015-07-16,26767.9465,4309.8927,0.03363636363636364,11,11
2015-07-17,2591.99,220.15800000000002,0.04666666666666667,6,6
2015-07-18,1496.69,-2034.311,0.04,2,2
2015-07-19,12619.872,-4.660420000000073,0.049999999999999996,6,6
2015-07-20,2905.77,1221.1155,0.036,5,5
2015-07-21,29878.8825,6098.733,0.050666666666666665,15,15
2015-07-22,1047.8500000000001,186.999,0.030000000000000002,3,3
2015-07-23,624.21,-170.16,0.065,2,2
2015-07-24,67.73,2.44,0.1,1,1
2015-07-25,11458.631500000001,-1310.784,0.045,4,4
2015-07-26,4596.59,-57.4,0.06,4,4
2015-07-27,9925.25,3397.5499999999997,0.05,4,4
2015-07-28,9529.4205,-477.31299999999993,0.04666666666666667,6,6
2015-07-29,11170.1415,2274.829,0.047499999999999994,12,12
2015-07-30,8483.89,-210.914,0.0475,4,4
2015-07-31,7508.484,-2436.056375,0.05333333333333334,6,6
2015-08-01,28285.595999999998,-3202.999,0.0425,8,8
2015-08-02,10407.98,156.93,0.0325,4,4
2015-08-03,462.1,-77.1365,0.05,2,2
2015-08-04,3238.386,44.047000000000025,0.05545454545454545,11,11
2015-08-05,5093.45,-808.4005999999999,0.06666666666666667,9,9
2015-08-06,347.99,-167.4,0.043333333333333335,3,3
2015-08-07,75913.746,11343.917,0.05714285714285715,7,7
2015-08-08,27.83,-22.14,0.09,1,1
2015-08-09,20623.68,3712.3445,0.039999999999999994,7,7
2015-08-10,19642.7755,1476.8210000000001,0.041666666666666664,12,12
2015-08-11,11345.88,2653.4700000000003,0.054000000000000006,5,5
2015-08-12,30275.39,1066.7600000000002,0.04181818181818182,11,11
2015-08-13,408.05,-237.014,0.07,2,2
2015-08-14,3911.6,-2015.6329999999998,0.04875,8,8
2015-08-15,1364.1190000000001,-207.576,0.045,4,4
2015-08-16,2408.2205,-90.97000000000001,0.06,5,5
2015-08-17,7750.01,-624.7959999999999,0.052000000000000005,5,5
2015-08-18,8539.344,-2092.811,0.05,9,9
2015-08-19,11264.218499999999,172.48199999999997,0.04875,8,8
2015-08-20,9341.1105,350.8790000000001,0.034,10,10
2015-08-21,2598.18,135.67950000000002,0.05800000000000001,5,5
2015-08-22,3895.1564999999996,-123.47899999999998,0.04857142857142858,7,7
2015-08-23,3954.5914999999995,401.67100000000005,0.05,4,4
2015-08-24,671.64,-188.32,0.05,2,2
2015-08-26,6699.2615000000005,189.14499999999998,0.06333333333333334,3,3
2015-08-27,3224.54,-360.307,0.06799999999999999,5,5
2015-08-28,17750.571,3174.1595,0.04555555555555556,9,9
2015-08-29,4071.01,-597.5099,0.05333333333333334,6,6
2015-08-30,9228.697,-400.8343,0.06555555555555555,9,9
2015-09-01,5861.082,-158.75539899999995,0.051666666666666666,6,6
2015-09-02,15435.677000000001,2660.6279999999997,0.0525,12,12
2015-09-03,7652.54,847.4135,0.034999999999999996,6,5
2015-09-04,4464.280000000001,-297.18710000000004,0.037500000000000006,4,4
2015-09-05,18108.566,-75.84150000000022,0.0525,12,12
2015-09-06,23012.84,6758.01,0.04,4,4
2015-09-07,3980.67,-240.55,0.05,4,4
2015-09-08,4153.942,-471.806,0.062,5,5
2015-09-09,5153.32,1060.455,0.03142857142857143,7,7
2015-09-10,19675.9585,2761.1679999999997,0.060000000000000005,9,9
2015-09-11,5556.97,849.486,0.02666666666666667,3,3
2015-09-12,21615.67,4324.206634,0.06,10,10
2015-09-13,30363.476000000002,2732.9790000000003,0.04777777777777778,9,9
2015-09-14,4144.197,1141.157,0.04,9,9
2015-09-15,27089.66,1590.782,0.05333333333333333,9,9
2015-09-16,3507.211,-2210.3630000000003,0.05875,8,8
2015-09-17,13546.87,2050.37,0.055,4,4
2015-09-18,8612.94,944.2634999999999,0.061111111111111116,9,9
2015-09-19,23170.9035,4796.048,0.04833333333333334,6,6
2015-09-20,3729.32,192.815,0.034999999999999996,8,8
2015-09-21,6040.91,480.145,0.023333333333333334,3,3
2015-09-22,8219.28,1231.9856,0.051111111111111114,9,9
2015-09-23,18012.319499999998,550.1549,0.06625,8,8
2015-09-24,18741.0415,486.125,0.05444444444444444,9,9
2015-09-25,1595.66,470.0895,0.036,5,5
2015-09-27,4133.2,1375.7475,0.05666666666666667,3,3
2015-09-28,2640.8599999999997,10.070000000000022,0.07,3,3
2015-09-29,4619.972500000001,495.3885,0.051666666666666666,6,6
2015-09-30,5432.23,224.95949999999996,0.049999999999999996,7,7
2015-10-01,12584.946,340.8215,0.0475,8,8
2015-10-02,30973.339999999997,-6430.6900000000005,0.04625,8,8
2015-10-03,7915.0599999999995,1202.6,0.045,2,2
2015-10-04,9000.01,-674.5296999999999,0.056363636363636366,11,11
2015-10-05,13722.807,1599.5495,0.04,6,6
2015-10-06,6207.3715,951.119,0.06333333333333334,6,6
2015-10-07,21463.927499999998,5168.477,0.044444444444444446,9,9
2015-10-08,8711.470000000001,1137.7365000000002,0.06,5,5
2015-10-09,2225.91,153.22650000000002,0.05800000000000001,5,5
2015-10-10,6393.772,-648.0445,0.09333333333333334,3,3
2015-10-11,5320.820000000001,-895.306,0.064,5,5
2015-10-12,4321.59,321.1980000000001,0.06,4,4
2015-10-13,3739.1600000000003,828.913,0.0475,4,4
2015-10-14,26644.176,8117.61,0.06166666666666667,6,6
2015-10-15,2793.643,622.906,0.06333333333333334,3,3
2015-10-16,24824.53,1241.2205,0.043333333333333335,6,6
2015-10-17,1757.31,444.20449999999994,0.05666666666666667,3,3
2015-10-18,21454.498,4894.2575,0.04857142857142858,14,14
2015-10-19,12132.9115,1377.5625,0.05333333333333334,6,6
2015-10-20,4676.4175,1367.1660000000002,0.036000000000000004,5,5
2015-10-21,1586.62,314.67999999999995,0.02666666666666667,3,3
2015-10-22,19339.21,10.639999999999972,0.060000000000000005,4,4
2015-10-23,9833.69,-104.55100000000004,0.04857142857142858,7,7
2015-10-24,637.91,2.9499999999999993,0.027500000000000004,4,4
2015-10-25,5621.034,-1409.5255,0.04,9,9
2015-10-26,4822.345,50.945,0.04,8,8
2015-10-27,12974.65,-351.6113999999999,0.05000000000000001,6,6
2015-10-28,19229.0135,-1472.0494999999999,0.05444444444444445,9,9
2015-10-29,27285.49,3694.6389999999997,0.045,8,8
2015-10-30,20179.079999999998,259.4415210000001,0.043125,16,16
2015-10-31,2874.0200000000004,-978.0735,0.06333333333333334,6,6
2015-11-01,7981.9169999999995,1936.832,0.045,8,7
2015-11-02,158.7,-196.8,0.04,1,1
2015-11-03,1093.715,414.63100000000003,0.03666666666666667,3,3
2015-11-04,8697.85,-1129.6811,0.08,2,2
2015-11-05,1221.5900000000001,-29.1325,0.06666666666666667,3,3
2015-11-06,2253.42,542.2750000000001,0.048,5,5
2015-11-07,492.87,-56.6445,0.02,3,3
2015-11-08,5932.870000000001,-2046.7324999999998,0.045000000000000005,6,6
2015-11-09,26564.2765,7986.071999999999,0.04666666666666667,6,6
2015-11-10,16181.537499999999,2892.1925,0.06,12,12
2015-11-11,3942.33,973.5914999999999,0.03,6,6
2015-11-12,103.03,-82.63,0.07,1,1
2015-11-13,2856.5299999999997,809.969,0.056666666666666664,3,3
2015-11-14,7235.83,3496.37,0.01,1,1
2015-11-15,2914.355,202.579,0.03833333333333333,6,6
2015-11-16,3532.192,1729.166,0.045,2,2
2015-11-17,2399.03,-674.87,0.07,2,2
2015-11-18,25908.78,5426.28,0.05800000000000001,5,5
2015-11-19,26950.9125,10331.369499999999,0.0375,8,8
2015-11-20,3887.17,-676.9725000000001,0.0625,4,4
2015-11-21,11028.452,-95.32799999999997,0.042,5,5
2015-11-22,4732.011,1315.3014999999998,0.02666666666666667,3,3
2015-11-23,7863.3099999999995,360.92,0.043333333333333335,3,3
2015-11-24,6998.98,-1496.11,0.04666666666666667,6,6
2015-11-25,8776.226,316.442,0.04666666666666667,3,3
2015-11-26,5541.5965,-4013.5011,0.048571428571428564,7,7
2015-11-27,2601.7905,748.197,0.02,1,1
2015-11-28,15175.9205,3700.0699999999997,0.042857142857142864,7,7
2015-11-29,8237.362,-351.49719999999996,0.0625,4,4
2015-11-30,34755.55,-4789.321725,0.045000000000000005,6,6
2015-12-01,39180.619999999995,3833.475,0.04,5,5
2015-12-02,71821.472,8529.166634,0.043,10,10
2015-12-03,4827.352,-1168.504479,0.051428571428571435,7,7
2015-12-04,1263.13,-834.2265,0.054285714285714284,7,7
2015-12-05,11657.029999999999,1407.9499999999998,0.03,2,2
2015-12-06,1347.67,-489.299,0.03666666666666667,3,3
2015-12-07,7117.31,271.5,0.065,2,2
2015-12-08,2175.25,-508.34000000000003,0.0475,4,4
2015-12-09,44483.818,4805.914,0.05928571428571428,14,14
2015-12-10,9768.65,1749.4825,0.04363636363636363,11,11
2015-12-11,3222.1655,-305.491,0.060000000000000005,9,9
2015-12-12,31668.03,-8333.048999999999,0.054285714285714284,7,7
2015-12-13,1673.4279999999999,-658.39,0.04,2,2
2015-12-14,19.81,-10.39,0.02,1,1
2015-12-15,16906.120000000003,4600.8535,0.05833333333333333,6,6
2015-12-16,6883.2365,-2797.6488,0.041666666666666664,6,6
2015-12-17,303.97,23.2985,0.1,1,1
2015-12-18,10722.310000000001,3356.87,0.044,5,5
2015-12-19,1935.6345000000001,299.5855,0.045000000000000005,2,2
2015-12-20,11224.3,-199.59599999999992,0.034,5,5
2015-12-21,8689.3735,-97.86180000000002,0.060000000000000005,9,9
2015-12-22,476.31,-258.0768,0.07,1,1
2015-12-23,5102.11,-873.51,0.030000000000000002,2,2
2015-12-24,9915.9735,-14.442500000000067,0.04,5,5
2015-12-25,6089.703,-1529.6129999999998,0.054000000000000006,5,5
2015-12-26,351.40999999999997,-2.9299999999999997,0.02,2,2
2015-12-27,21119.5015,6924.235,0.06571428571428571,7,7
2015-12-28,2721.18,331.491,0.023333333333333334,3,3
2015-12-29,18874.42,4193.3234999999995,0.07166666666666667,6,6
2015-12-30,3168.05,-952.8000000000001,0.07428571428571429,7,7
